trial,plot_id,gdd_plant_v6,precp_plant_v6_mm,gdd_v6_v10,precp_v6_v10_mm,heat_days_v6_v10,solar_v6_v10_mjm2d,no3_0_1ft_ppnt_ppm,no3_1_2ft_ppnt_ppm,no3_2_3ft_ppnt_ppm,nh4_0_1ft_ppnt_ppm,no3_0_1ft_psnt_ppm,no3_1_2ft_psnt_ppm,nh4_0_1ft_psnt_ppm,plant_n_kgha,side_n_kgha
33,101,140.45,79.2,197.64,28.5,0,24.968,6.125,4.0,2.5,3.6999999999999997,10.5,6.0,4.3,45.0,0.0
33,102,140.45,79.2,197.64,28.5,0,24.968,6.125,4.0,2.5,3.6999999999999997,19.5,9.5,6.0,90.0,0.0
33,103,140.45,79.2,197.64,28.5,0,24.968,6.125,4.0,2.5,3.6999999999999997,,,,,
33,104,140.45,79.2,197.64,28.5,0,24.968,6.125,4.0,2.5,3.6999999999999997,,,,,
33,105,140.45,79.2,197.64,28.5,0,24.968,6.125,4.0,2.5,3.6999999999999997,,,,,
33,106,140.45,79.2,197.64,28.5,0,24.968,6.125,4.0,2.5,3.6999999999999997,,,,,
33,107,140.45,79.2,197.64,28.5,0,24.968,6.125,4.0,2.5,3.6999999999999997,,,,,
33,108,140.45,79.2,197.64,28.5,0,24.968,6.125,4.0,2.5,3.6999999999999997,49.5,15.0,4.1,180.0,0.0
33,109,140.45,79.2,197.64,28.5,0,24.968,6.125,4.0,2.5,3.6999999999999997,5.5,6.0,,0.0,0.0
33,110,140.45,79.2,197.64,28.5,0,24.968,6.125,4.0,2.5,3.6999999999999997,22.5,7.5,,135.0,0.0
33,111,140.45,79.2,197.64,28.5,0,24.968,6.125,4.0,2.5,3.6999999999999997,,,,,
33,112,140.45,79.2,197.64,28.5,0,24.968,6.125,4.0,2.5,3.6999999999999997,,,,,
33,113,140.45,79.2,197.64,28.5,0,24.968,6.125,4.0,2.5,3.6999999999999997,,,,,
33,114,140.45,79.2,197.64,28.5,0,24.968,6.125,4.0,2.5,3.6999999999999997,54.0,17.0,8.4,225.0,0.0
33,115,140.45,79.2,197.64,28.5,0,24.968,6.125,4.0,2.5,3.6999999999999997,78.0,17.0,,270.0,0.0
33,116,140.45,79.2,197.64,28.5,0,24.968,6.125,4.0,2.5,3.6999999999999997,86.0,18.0,5.2,315.0,0.0
33,201,140.45,79.2,197.64,28.5,0,24.968,6.125,4.0,2.5,3.6999999999999997,48.0,11.0,7.3,180.0,0.0
33,202,140.45,79.2,197.64,28.5,0,24.968,6.125,4.0,2.5,3.6999999999999997,,,,,
33,203,140.45,79.2,197.64,28.5,0,24.968,6.125,4.0,2.5,3.6999999999999997,76.0,17.5,4.2,270.0,0.0
33,204,140.45,79.2,197.64,28.5,0,24.968,6.125,4.0,2.5,3.6999999999999997,,,,,
33,205,140.45,79.2,197.64,28.5,0,24.968,6.125,4.0,2.5,3.6999999999999997,12.0,8.0,4.9,0.0,0.0
33,206,140.45,79.2,197.64,28.5,0,24.968,6.125,4.0,2.5,3.6999999999999997,,,,,
33,207,140.45,79.2,197.64,28.5,0,24.968,6.125,4.0,2.5,3.6999999999999997,,,,,
33,208,140.45,79.2,197.64,28.5,0,24.968,6.125,4.0,2.5,3.6999999999999997,17.0,9.5,,90.0,0.0
33,209,140.45,79.2,197.64,28.5,0,24.968,6.125,4.0,2.5,3.6999999999999997,22.5,7.0,,135.0,0.0
33,210,140.45,79.2,197.64,28.5,0,24.968,6.125,4.0,2.5,3.6999999999999997,,,,,
33,211,140.45,79.2,197.64,28.5,0,24.968,6.125,4.0,2.5,3.6999999999999997,,,,,
33,212,140.45,79.2,197.64,28.5,0,24.968,6.125,4.0,2.5,3.6999999999999997,82.0,14.0,,315.0,0.0
33,213,140.45,79.2,197.64,28.5,0,24.968,6.125,4.0,2.5,3.6999999999999997,11.5,8.0,,45.0,0.0
33,214,140.45,79.2,197.64,28.5,0,24.968,6.125,4.0,2.5,3.6999999999999997,,,,,
33,215,140.45,79.2,197.64,28.5,0,24.968,6.125,4.0,2.5,3.6999999999999997,57.0,13.5,3.3,225.0,0.0
33,216,140.45,79.2,197.64,28.5,0,24.968,6.125,4.0,2.5,3.6999999999999997,,,,,
33,301,140.45,79.2,197.64,28.5,0,24.968,6.125,4.0,2.5,3.6999999999999997,8.0,7.0,,0.0,0.0
33,302,140.45,79.2,197.64,28.5,0,24.968,6.125,4.0,2.5,3.6999999999999997,,,,,
33,303,140.45,79.2,197.64,28.5,0,24.968,6.125,4.0,2.5,3.6999999999999997,,,,,
33,304,140.45,79.2,197.64,28.5,0,24.968,6.125,4.0,2.5,3.6999999999999997,,,,,
33,305,140.45,79.2,197.64,28.5,0,24.968,6.125,4.0,2.5,3.6999999999999997,50.0,11.0,5.1,225.0,0.0
33,306,140.45,79.2,197.64,28.5,0,24.968,6.125,4.0,2.5,3.6999999999999997,,,,,
33,307,140.45,79.2,197.64,28.5,0,24.968,6.125,4.0,2.5,3.6999999999999997,16.5,7.0,4.0,90.0,0.0
33,308,140.45,79.2,197.64,28.5,0,24.968,6.125,4.0,2.5,3.6999999999999997,,,,,
33,309,140.45,79.2,197.64,28.5,0,24.968,6.125,4.0,2.5,3.6999999999999997,,,,,
33,310,140.45,79.2,197.64,28.5,0,24.968,6.125,4.0,2.5,3.6999999999999997,43.0,11.0,9.6,180.0,0.0
33,311,140.45,79.2,197.64,28.5,0,24.968,6.125,4.0,2.5,3.6999999999999997,67.5,14.5,,270.0,0.0
33,312,140.45,79.2,197.64,28.5,0,24.968,6.125,4.0,2.5,3.6999999999999997,31.0,10.0,,135.0,0.0
33,313,140.45,79.2,197.64,28.5,0,24.968,6.125,4.0,2.5,3.6999999999999997,,,,,
33,314,140.45,79.2,197.64,28.5,0,24.968,6.125,4.0,2.5,3.6999999999999997,,,,,
33,315,140.45,79.2,197.64,28.5,0,24.968,6.125,4.0,2.5,3.6999999999999997,59.0,13.5,,315.0,0.0
33,316,140.45,79.2,197.64,28.5,0,24.968,6.125,4.0,2.5,3.6999999999999997,12.5,8.5,,45.0,0.0
33,401,140.45,79.2,197.64,28.5,0,24.968,6.125,4.0,2.5,3.6999999999999997,47.0,10.5,2.9,135.0,0.0
33,402,140.45,79.2,197.64,28.5,0,24.968,6.125,4.0,2.5,3.6999999999999997,,,,,
33,403,140.45,79.2,197.64,28.5,0,24.968,6.125,4.0,2.5,3.6999999999999997,,,,,
33,404,140.45,79.2,197.64,28.5,0,24.968,6.125,4.0,2.5,3.6999999999999997,,,,,
33,405,140.45,79.2,197.64,28.5,0,24.968,6.125,4.0,2.5,3.6999999999999997,46.0,9.5,6.0,270.0,0.0
33,406,140.45,79.2,197.64,28.5,0,24.968,6.125,4.0,2.5,3.6999999999999997,,,,,
33,407,140.45,79.2,197.64,28.5,0,24.968,6.125,4.0,2.5,3.6999999999999997,43.5,15.0,,180.0,0.0
33,408,140.45,79.2,197.64,28.5,0,24.968,6.125,4.0,2.5,3.6999999999999997,,,,,
33,409,140.45,79.2,197.64,28.5,0,24.968,6.125,4.0,2.5,3.6999999999999997,,,,,
33,410,140.45,79.2,197.64,28.5,0,24.968,6.125,4.0,2.5,3.6999999999999997,11.0,6.5,,45.0,0.0
33,411,140.45,79.2,197.64,28.5,0,24.968,6.125,4.0,2.5,3.6999999999999997,64.0,11.5,3.7,315.0,0.0
33,412,140.45,79.2,197.64,28.5,0,24.968,6.125,4.0,2.5,3.6999999999999997,7.0,4.5,4.9,0.0,0.0
33,413,140.45,79.2,197.64,28.5,0,24.968,6.125,4.0,2.5,3.6999999999999997,,,,,
33,414,140.45,79.2,197.64,28.5,0,24.968,6.125,4.0,2.5,3.6999999999999997,14.5,7.5,,90.0,0.0
33,415,140.45,79.2,197.64,28.5,0,24.968,6.125,4.0,2.5,3.6999999999999997,42.5,13.0,,225.0,0.0
33,416,140.45,79.2,197.64,28.5,0,24.968,6.125,4.0,2.5,3.6999999999999997,,,,,
34,101,255.93,84.6,242.72,18.1,0,26.539,4.875,2.125,1.875,4.45,8.0,5.0,,45.0,0.0
34,102,255.93,84.6,242.72,18.1,0,26.539,4.875,2.125,1.875,4.45,14.5,6.5,3.1,90.0,0.0
34,103,255.93,84.6,242.72,18.1,0,26.539,4.875,2.125,1.875,4.45,,,,,
34,104,255.93,84.6,242.72,18.1,0,26.539,4.875,2.125,1.875,4.45,,,,,
34,105,255.93,84.6,242.72,18.1,0,26.539,4.875,2.125,1.875,4.45,,,,,
34,106,255.93,84.6,242.72,18.1,0,26.539,4.875,2.125,1.875,4.45,,,,,
34,107,255.93,84.6,242.72,18.1,0,26.539,4.875,2.125,1.875,4.45,,,,,
34,108,255.93,84.6,242.72,18.1,0,26.539,4.875,2.125,1.875,4.45,22.5,7.5,5.6,180.0,0.0
34,109,255.93,84.6,242.72,18.1,0,26.539,4.875,2.125,1.875,4.45,5.5,3.5,3.8,0.0,0.0
34,110,255.93,84.6,242.72,18.1,0,26.539,4.875,2.125,1.875,4.45,23.0,7.5,,135.0,0.0
34,111,255.93,84.6,242.72,18.1,0,26.539,4.875,2.125,1.875,4.45,,,,,
34,112,255.93,84.6,242.72,18.1,0,26.539,4.875,2.125,1.875,4.45,,,,,
34,113,255.93,84.6,242.72,18.1,0,26.539,4.875,2.125,1.875,4.45,,,,,
34,114,255.93,84.6,242.72,18.1,0,26.539,4.875,2.125,1.875,4.45,33.5,14.0,,225.0,0.0
34,115,255.93,84.6,242.72,18.1,0,26.539,4.875,2.125,1.875,4.45,23.0,8.5,7.9,270.0,0.0
34,116,255.93,84.6,242.72,18.1,0,26.539,4.875,2.125,1.875,4.45,52.0,16.5,,315.0,0.0
34,201,255.93,84.6,242.72,18.1,0,26.539,4.875,2.125,1.875,4.45,41.5,12.0,10.8,180.0,0.0
34,202,255.93,84.6,242.72,18.1,0,26.539,4.875,2.125,1.875,4.45,,,,,
34,203,255.93,84.6,242.72,18.1,0,26.539,4.875,2.125,1.875,4.45,45.0,13.0,8.3,270.0,0.0
34,204,255.93,84.6,242.72,18.1,0,26.539,4.875,2.125,1.875,4.45,,,,,
34,205,255.93,84.6,242.72,18.1,0,26.539,4.875,2.125,1.875,4.45,4.0,3.5,4.1,0.0,0.0
34,206,255.93,84.6,242.72,18.1,0,26.539,4.875,2.125,1.875,4.45,,,,,
34,207,255.93,84.6,242.72,18.1,0,26.539,4.875,2.125,1.875,4.45,,,,,
34,208,255.93,84.6,242.72,18.1,0,26.539,4.875,2.125,1.875,4.45,14.5,8.5,5.0,90.0,0.0
34,209,255.93,84.6,242.72,18.1,0,26.539,4.875,2.125,1.875,4.45,16.5,7.5,,135.0,0.0
34,210,255.93,84.6,242.72,18.1,0,26.539,4.875,2.125,1.875,4.45,,,,,
34,211,255.93,84.6,242.72,18.1,0,26.539,4.875,2.125,1.875,4.45,,,,,
34,212,255.93,84.6,242.72,18.1,0,26.539,4.875,2.125,1.875,4.45,58.5,17.0,,315.0,0.0
34,213,255.93,84.6,242.72,18.1,0,26.539,4.875,2.125,1.875,4.45,9.0,4.5,,45.0,0.0
34,214,255.93,84.6,242.72,18.1,0,26.539,4.875,2.125,1.875,4.45,,,,,
34,215,255.93,84.6,242.72,18.1,0,26.539,4.875,2.125,1.875,4.45,32.5,11.0,,225.0,0.0
34,216,255.93,84.6,242.72,18.1,0,26.539,4.875,2.125,1.875,4.45,,,,,
34,301,255.93,84.6,242.72,18.1,0,26.539,4.875,2.125,1.875,4.45,4.5,4.0,4.7,0.0,0.0
34,302,255.93,84.6,242.72,18.1,0,26.539,4.875,2.125,1.875,4.45,,,,,
34,303,255.93,84.6,242.72,18.1,0,26.539,4.875,2.125,1.875,4.45,,,,,
34,304,255.93,84.6,242.72,18.1,0,26.539,4.875,2.125,1.875,4.45,,,,,
34,305,255.93,84.6,242.72,18.1,0,26.539,4.875,2.125,1.875,4.45,34.5,16.5,,225.0,0.0
34,306,255.93,84.6,242.72,18.1,0,26.539,4.875,2.125,1.875,4.45,,,,,
34,307,255.93,84.6,242.72,18.1,0,26.539,4.875,2.125,1.875,4.45,16.0,5.5,6.5,90.0,0.0
34,308,255.93,84.6,242.72,18.1,0,26.539,4.875,2.125,1.875,4.45,,,,,
34,309,255.93,84.6,242.72,18.1,0,26.539,4.875,2.125,1.875,4.45,,,,,
34,310,255.93,84.6,242.72,18.1,0,26.539,4.875,2.125,1.875,4.45,22.5,10.0,8.7,180.0,0.0
34,311,255.93,84.6,242.72,18.1,0,26.539,4.875,2.125,1.875,4.45,43.5,11.0,12.8,270.0,0.0
34,312,255.93,84.6,242.72,18.1,0,26.539,4.875,2.125,1.875,4.45,14.5,7.0,,135.0,0.0
34,313,255.93,84.6,242.72,18.1,0,26.539,4.875,2.125,1.875,4.45,,,,,
34,314,255.93,84.6,242.72,18.1,0,26.539,4.875,2.125,1.875,4.45,,,,,
34,315,255.93,84.6,242.72,18.1,0,26.539,4.875,2.125,1.875,4.45,29.0,10.0,,315.0,0.0
34,316,255.93,84.6,242.72,18.1,0,26.539,4.875,2.125,1.875,4.45,5.5,4.0,,45.0,0.0
34,401,255.93,84.6,242.72,18.1,0,26.539,4.875,2.125,1.875,4.45,19.5,8.0,,135.0,0.0
34,402,255.93,84.6,242.72,18.1,0,26.539,4.875,2.125,1.875,4.45,,,,,
34,403,255.93,84.6,242.72,18.1,0,26.539,4.875,2.125,1.875,4.45,,,,,
34,404,255.93,84.6,242.72,18.1,0,26.539,4.875,2.125,1.875,4.45,,,,,
34,405,255.93,84.6,242.72,18.1,0,26.539,4.875,2.125,1.875,4.45,43.5,8.5,10.9,270.0,0.0
34,406,255.93,84.6,242.72,18.1,0,26.539,4.875,2.125,1.875,4.45,,,,,
34,407,255.93,84.6,242.72,18.1,0,26.539,4.875,2.125,1.875,4.45,32.0,6.0,14.3,180.0,0.0
34,408,255.93,84.6,242.72,18.1,0,26.539,4.875,2.125,1.875,4.45,,,,,
34,409,255.93,84.6,242.72,18.1,0,26.539,4.875,2.125,1.875,4.45,,,,,
34,410,255.93,84.6,242.72,18.1,0,26.539,4.875,2.125,1.875,4.45,11.0,5.0,,45.0,0.0
34,411,255.93,84.6,242.72,18.1,0,26.539,4.875,2.125,1.875,4.45,52.0,14.5,,315.0,0.0
34,412,255.93,84.6,242.72,18.1,0,26.539,4.875,2.125,1.875,4.45,2.5,2.5,3.2,0.0,0.0
34,413,255.93,84.6,242.72,18.1,0,26.539,4.875,2.125,1.875,4.45,,,,,
34,414,255.93,84.6,242.72,18.1,0,26.539,4.875,2.125,1.875,4.45,12.5,6.0,2.6,90.0,0.0
34,415,255.93,84.6,242.72,18.1,0,26.539,4.875,2.125,1.875,4.45,47.0,9.5,,225.0,0.0
34,416,255.93,84.6,242.72,18.1,0,26.539,4.875,2.125,1.875,4.45,,,,,
35,101,184.59,155.7,200.44,45.7,0,22.384,6.875,6.0,4.25,2.775,7.5,5.5,,45.0,0.0
35,102,184.59,155.7,200.44,45.7,0,22.384,6.875,6.0,4.25,2.775,9.0,5.0,3.6,90.0,0.0
35,103,184.59,155.7,200.44,45.7,0,22.384,6.875,6.0,4.25,2.775,,,,,
35,104,184.59,155.7,200.44,45.7,0,22.384,6.875,6.0,4.25,2.775,,,,,
35,105,184.59,155.7,200.44,45.7,0,22.384,6.875,6.0,4.25,2.775,,,,,
35,106,184.59,155.7,200.44,45.7,0,22.384,6.875,6.0,4.25,2.775,,,,,
35,107,184.59,155.7,200.44,45.7,0,22.384,6.875,6.0,4.25,2.775,,,,,
35,108,184.59,155.7,200.44,45.7,0,22.384,6.875,6.0,4.25,2.775,27.5,17.0,3.4,180.0,0.0
35,109,184.59,155.7,200.44,45.7,0,22.384,6.875,6.0,4.25,2.775,7.0,6.5,2.8,0.0,0.0
35,110,184.59,155.7,200.44,45.7,0,22.384,6.875,6.0,4.25,2.775,17.0,14.5,,135.0,0.0
35,111,184.59,155.7,200.44,45.7,0,22.384,6.875,6.0,4.25,2.775,,,,,
35,112,184.59,155.7,200.44,45.7,0,22.384,6.875,6.0,4.25,2.775,,,,,
35,113,184.59,155.7,200.44,45.7,0,22.384,6.875,6.0,4.25,2.775,,,,,
35,114,184.59,155.7,200.44,45.7,0,22.384,6.875,6.0,4.25,2.775,40.0,15.0,,225.0,0.0
35,115,184.59,155.7,200.44,45.7,0,22.384,6.875,6.0,4.25,2.775,70.0,30.5,5.3,270.0,0.0
35,116,184.59,155.7,200.44,45.7,0,22.384,6.875,6.0,4.25,2.775,60.0,28.5,,315.0,0.0
35,201,184.59,155.7,200.44,45.7,0,22.384,6.875,6.0,4.25,2.775,25.0,12.5,3.4,180.0,0.0
35,202,184.59,155.7,200.44,45.7,0,22.384,6.875,6.0,4.25,2.775,,,,,
35,203,184.59,155.7,200.44,45.7,0,22.384,6.875,6.0,4.25,2.775,74.0,28.0,5.6,270.0,0.0
35,204,184.59,155.7,200.44,45.7,0,22.384,6.875,6.0,4.25,2.775,,,,,
35,205,184.59,155.7,200.44,45.7,0,22.384,6.875,6.0,4.25,2.775,8.0,5.0,2.6,0.0,0.0
35,206,184.59,155.7,200.44,45.7,0,22.384,6.875,6.0,4.25,2.775,,,,,
35,207,184.59,155.7,200.44,45.7,0,22.384,6.875,6.0,4.25,2.775,,,,,
35,208,184.59,155.7,200.44,45.7,0,22.384,6.875,6.0,4.25,2.775,29.0,11.5,2.9,90.0,0.0
35,209,184.59,155.7,200.44,45.7,0,22.384,6.875,6.0,4.25,2.775,28.5,21.5,,135.0,0.0
35,210,184.59,155.7,200.44,45.7,0,22.384,6.875,6.0,4.25,2.775,,,,,
35,211,184.59,155.7,200.44,45.7,0,22.384,6.875,6.0,4.25,2.775,,,,,
35,212,184.59,155.7,200.44,45.7,0,22.384,6.875,6.0,4.25,2.775,52.5,48.0,,315.0,0.0
35,213,184.59,155.7,200.44,45.7,0,22.384,6.875,6.0,4.25,2.775,6.5,6.0,,45.0,0.0
35,214,184.59,155.7,200.44,45.7,0,22.384,6.875,6.0,4.25,2.775,,,,,
35,215,184.59,155.7,200.44,45.7,0,22.384,6.875,6.0,4.25,2.775,54.0,24.0,,225.0,0.0
35,216,184.59,155.7,200.44,45.7,0,22.384,6.875,6.0,4.25,2.775,,,,,
35,301,184.59,155.7,200.44,45.7,0,22.384,6.875,6.0,4.25,2.775,12.5,8.0,2.5,0.0,0.0
35,302,184.59,155.7,200.44,45.7,0,22.384,6.875,6.0,4.25,2.775,,,,,
35,303,184.59,155.7,200.44,45.7,0,22.384,6.875,6.0,4.25,2.775,,,,,
35,304,184.59,155.7,200.44,45.7,0,22.384,6.875,6.0,4.25,2.775,,,,,
35,305,184.59,155.7,200.44,45.7,0,22.384,6.875,6.0,4.25,2.775,64.0,18.5,,225.0,0.0
35,306,184.59,155.7,200.44,45.7,0,22.384,6.875,6.0,4.25,2.775,,,,,
35,307,184.59,155.7,200.44,45.7,0,22.384,6.875,6.0,4.25,2.775,25.5,10.5,6.0,90.0,0.0
35,308,184.59,155.7,200.44,45.7,0,22.384,6.875,6.0,4.25,2.775,,,,,
35,309,184.59,155.7,200.44,45.7,0,22.384,6.875,6.0,4.25,2.775,,,,,
35,310,184.59,155.7,200.44,45.7,0,22.384,6.875,6.0,4.25,2.775,30.5,10.5,4.3,180.0,0.0
35,311,184.59,155.7,200.44,45.7,0,22.384,6.875,6.0,4.25,2.775,58.0,20.5,3.5,270.0,0.0
35,312,184.59,155.7,200.44,45.7,0,22.384,6.875,6.0,4.25,2.775,19.5,8.5,,135.0,0.0
35,313,184.59,155.7,200.44,45.7,0,22.384,6.875,6.0,4.25,2.775,,,,,
35,314,184.59,155.7,200.44,45.7,0,22.384,6.875,6.0,4.25,2.775,,,,,
35,315,184.59,155.7,200.44,45.7,0,22.384,6.875,6.0,4.25,2.775,78.0,26.5,,315.0,0.0
35,316,184.59,155.7,200.44,45.7,0,22.384,6.875,6.0,4.25,2.775,12.5,7.0,,45.0,0.0
35,401,184.59,155.7,200.44,45.7,0,22.384,6.875,6.0,4.25,2.775,22.5,10.0,,135.0,0.0
35,402,184.59,155.7,200.44,45.7,0,22.384,6.875,6.0,4.25,2.775,,,,,
35,403,184.59,155.7,200.44,45.7,0,22.384,6.875,6.0,4.25,2.775,,,,,
35,404,184.59,155.7,200.44,45.7,0,22.384,6.875,6.0,4.25,2.775,,,,,
35,405,184.59,155.7,200.44,45.7,0,22.384,6.875,6.0,4.25,2.775,91.0,22.0,7.3,270.0,0.0
35,406,184.59,155.7,200.44,45.7,0,22.384,6.875,6.0,4.25,2.775,,,,,
35,407,184.59,155.7,200.44,45.7,0,22.384,6.875,6.0,4.25,2.775,57.0,16.0,5.4,180.0,0.0
35,408,184.59,155.7,200.44,45.7,0,22.384,6.875,6.0,4.25,2.775,,,,,
35,409,184.59,155.7,200.44,45.7,0,22.384,6.875,6.0,4.25,2.775,,,,,
35,410,184.59,155.7,200.44,45.7,0,22.384,6.875,6.0,4.25,2.775,11.0,7.5,,45.0,0.0
35,411,184.59,155.7,200.44,45.7,0,22.384,6.875,6.0,4.25,2.775,50.0,28.0,,315.0,0.0
35,412,184.59,155.7,200.44,45.7,0,22.384,6.875,6.0,4.25,2.775,6.5,5.0,4.9,0.0,0.0
35,413,184.59,155.7,200.44,45.7,0,22.384,6.875,6.0,4.25,2.775,,,,,
35,414,184.59,155.7,200.44,45.7,0,22.384,6.875,6.0,4.25,2.775,15.0,9.0,4.2,90.0,0.0
35,415,184.59,155.7,200.44,45.7,0,22.384,6.875,6.0,4.25,2.775,78.0,29.5,,225.0,0.0
35,416,184.59,155.7,200.44,45.7,0,22.384,6.875,6.0,4.25,2.775,,,,,
36,101,155.48,97.6,190.84,35.4,0,24.462,7.75,4.5,3.375,4.0,23.0,17.0,,45.0,0.0
36,102,155.48,97.6,190.84,35.4,0,24.462,7.75,4.5,3.375,4.0,41.5,25.0,7.4,90.0,0.0
36,103,155.48,97.6,190.84,35.4,0,24.462,7.75,4.5,3.375,4.0,,,,,
36,104,155.48,97.6,190.84,35.4,0,24.462,7.75,4.5,3.375,4.0,,,,,
36,105,155.48,97.6,190.84,35.4,0,24.462,7.75,4.5,3.375,4.0,,,,,
36,106,155.48,97.6,190.84,35.4,0,24.462,7.75,4.5,3.375,4.0,,,,,
36,107,155.48,97.6,190.84,35.4,0,24.462,7.75,4.5,3.375,4.0,,,,,
36,108,155.48,97.6,190.84,35.4,0,24.462,7.75,4.5,3.375,4.0,44.5,26.5,7.3,180.0,0.0
36,109,155.48,97.6,190.84,35.4,0,24.462,7.75,4.5,3.375,4.0,7.5,9.0,5.7,0.0,0.0
36,110,155.48,97.6,190.84,35.4,0,24.462,7.75,4.5,3.375,4.0,36.0,20.0,,135.0,0.0
36,111,155.48,97.6,190.84,35.4,0,24.462,7.75,4.5,3.375,4.0,,,,,
36,112,155.48,97.6,190.84,35.4,0,24.462,7.75,4.5,3.375,4.0,,,,,
36,113,155.48,97.6,190.84,35.4,0,24.462,7.75,4.5,3.375,4.0,,,,,
36,114,155.48,97.6,190.84,35.4,0,24.462,7.75,4.5,3.375,4.0,55.5,42.0,,225.0,0.0
36,115,155.48,97.6,190.84,35.4,0,24.462,7.75,4.5,3.375,4.0,48.0,27.5,8.1,270.0,0.0
36,116,155.48,97.6,190.84,35.4,0,24.462,7.75,4.5,3.375,4.0,59.5,24.5,,315.0,0.0
36,201,155.48,97.6,190.84,35.4,0,24.462,7.75,4.5,3.375,4.0,47.5,19.0,8.0,180.0,0.0
36,202,155.48,97.6,190.84,35.4,0,24.462,7.75,4.5,3.375,4.0,,,,,
36,203,155.48,97.6,190.84,35.4,0,24.462,7.75,4.5,3.375,4.0,52.5,19.5,12.2,270.0,0.0
36,204,155.48,97.6,190.84,35.4,0,24.462,7.75,4.5,3.375,4.0,,,,,
36,205,155.48,97.6,190.84,35.4,0,24.462,7.75,4.5,3.375,4.0,9.0,5.5,5.3,0.0,0.0
36,206,155.48,97.6,190.84,35.4,0,24.462,7.75,4.5,3.375,4.0,,,,,
36,207,155.48,97.6,190.84,35.4,0,24.462,7.75,4.5,3.375,4.0,,,,,
36,208,155.48,97.6,190.84,35.4,0,24.462,7.75,4.5,3.375,4.0,26.0,14.0,10.0,90.0,0.0
36,209,155.48,97.6,190.84,35.4,0,24.462,7.75,4.5,3.375,4.0,28.5,17.0,,135.0,0.0
36,210,155.48,97.6,190.84,35.4,0,24.462,7.75,4.5,3.375,4.0,,,,,
36,211,155.48,97.6,190.84,35.4,0,24.462,7.75,4.5,3.375,4.0,,,,,
36,212,155.48,97.6,190.84,35.4,0,24.462,7.75,4.5,3.375,4.0,68.0,40.0,,315.0,0.0
36,213,155.48,97.6,190.84,35.4,0,24.462,7.75,4.5,3.375,4.0,17.0,13.5,,45.0,0.0
36,214,155.48,97.6,190.84,35.4,0,24.462,7.75,4.5,3.375,4.0,,,,,
36,215,155.48,97.6,190.84,35.4,0,24.462,7.75,4.5,3.375,4.0,64.0,24.0,,225.0,0.0
36,216,155.48,97.6,190.84,35.4,0,24.462,7.75,4.5,3.375,4.0,,,,,
36,301,155.48,97.6,190.84,35.4,0,24.462,7.75,4.5,3.375,4.0,7.5,7.0,3.8,0.0,0.0
36,302,155.48,97.6,190.84,35.4,0,24.462,7.75,4.5,3.375,4.0,,,,,
36,303,155.48,97.6,190.84,35.4,0,24.462,7.75,4.5,3.375,4.0,,,,,
36,304,155.48,97.6,190.84,35.4,0,24.462,7.75,4.5,3.375,4.0,,,,,
36,305,155.48,97.6,190.84,35.4,0,24.462,7.75,4.5,3.375,4.0,52.5,24.5,,225.0,0.0
36,306,155.48,97.6,190.84,35.4,0,24.462,7.75,4.5,3.375,4.0,,,,,
36,307,155.48,97.6,190.84,35.4,0,24.462,7.75,4.5,3.375,4.0,27.0,19.0,6.3,90.0,0.0
36,308,155.48,97.6,190.84,35.4,0,24.462,7.75,4.5,3.375,4.0,,,,,
36,309,155.48,97.6,190.84,35.4,0,24.462,7.75,4.5,3.375,4.0,,,,,
36,310,155.48,97.6,190.84,35.4,0,24.462,7.75,4.5,3.375,4.0,51.0,39.0,7.8,180.0,0.0
36,311,155.48,97.6,190.84,35.4,0,24.462,7.75,4.5,3.375,4.0,55.0,29.0,11.4,270.0,0.0
36,312,155.48,97.6,190.84,35.4,0,24.462,7.75,4.5,3.375,4.0,37.5,28.5,,135.0,0.0
36,313,155.48,97.6,190.84,35.4,0,24.462,7.75,4.5,3.375,4.0,,,,,
36,314,155.48,97.6,190.84,35.4,0,24.462,7.75,4.5,3.375,4.0,,,,,
36,315,155.48,97.6,190.84,35.4,0,24.462,7.75,4.5,3.375,4.0,94.5,52.0,,315.0,0.0
36,316,155.48,97.6,190.84,35.4,0,24.462,7.75,4.5,3.375,4.0,19.0,12.5,,45.0,0.0
36,401,155.48,97.6,190.84,35.4,0,24.462,7.75,4.5,3.375,4.0,44.5,19.5,,135.0,0.0
36,402,155.48,97.6,190.84,35.4,0,24.462,7.75,4.5,3.375,4.0,,,,,
36,403,155.48,97.6,190.84,35.4,0,24.462,7.75,4.5,3.375,4.0,,,,,
36,404,155.48,97.6,190.84,35.4,0,24.462,7.75,4.5,3.375,4.0,,,,,
36,405,155.48,97.6,190.84,35.4,0,24.462,7.75,4.5,3.375,4.0,68.5,27.0,7.0,270.0,0.0
36,406,155.48,97.6,190.84,35.4,0,24.462,7.75,4.5,3.375,4.0,,,,,
36,407,155.48,97.6,190.84,35.4,0,24.462,7.75,4.5,3.375,4.0,47.5,24.0,6.0,180.0,0.0
36,408,155.48,97.6,190.84,35.4,0,24.462,7.75,4.5,3.375,4.0,,,,,
36,409,155.48,97.6,190.84,35.4,0,24.462,7.75,4.5,3.375,4.0,,,,,
36,410,155.48,97.6,190.84,35.4,0,24.462,7.75,4.5,3.375,4.0,18.5,10.0,,45.0,0.0
36,411,155.48,97.6,190.84,35.4,0,24.462,7.75,4.5,3.375,4.0,65.5,31.5,,315.0,0.0
36,412,155.48,97.6,190.84,35.4,0,24.462,7.75,4.5,3.375,4.0,12.0,9.0,6.0,0.0,0.0
36,413,155.48,97.6,190.84,35.4,0,24.462,7.75,4.5,3.375,4.0,,,,,
36,414,155.48,97.6,190.84,35.4,0,24.462,7.75,4.5,3.375,4.0,34.0,12.5,6.1,90.0,0.0
36,415,155.48,97.6,190.84,35.4,0,24.462,7.75,4.5,3.375,4.0,59.0,25.0,,225.0,0.0
36,416,155.48,97.6,190.84,35.4,0,24.462,7.75,4.5,3.375,4.0,,,,,
37,101,333.17,51.8,168.34,16.5,0,26.874,2.75,2.25,2.125,4.0,11.0,10.5,,45.0,0.0
37,102,333.17,51.8,168.34,16.5,0,26.874,2.75,2.25,2.125,4.0,15.0,21.0,6.9,90.0,0.0
37,103,333.17,51.8,168.34,16.5,0,26.874,2.75,2.25,2.125,4.0,,,,,
37,104,333.17,51.8,168.34,16.5,0,26.874,2.75,2.25,2.125,4.0,,,,,
37,105,333.17,51.8,168.34,16.5,0,26.874,2.75,2.25,2.125,4.0,,,,,
37,106,333.17,51.8,168.34,16.5,0,26.874,2.75,2.25,2.125,4.0,,,,,
37,107,333.17,51.8,168.34,16.5,0,26.874,2.75,2.25,2.125,4.0,,,,,
37,108,333.17,51.8,168.34,16.5,0,26.874,2.75,2.25,2.125,4.0,27.5,19.5,14.3,180.0,0.0
37,109,333.17,51.8,168.34,16.5,0,26.874,2.75,2.25,2.125,4.0,5.0,6.0,3.5,0.0,0.0
37,110,333.17,51.8,168.34,16.5,0,26.874,2.75,2.25,2.125,4.0,27.5,19.5,,135.0,0.0
37,111,333.17,51.8,168.34,16.5,0,26.874,2.75,2.25,2.125,4.0,,,,,
37,112,333.17,51.8,168.34,16.5,0,26.874,2.75,2.25,2.125,4.0,,,,,
37,113,333.17,51.8,168.34,16.5,0,26.874,2.75,2.25,2.125,4.0,,,,,
37,114,333.17,51.8,168.34,16.5,0,26.874,2.75,2.25,2.125,4.0,38.5,22.5,,225.0,0.0
37,115,333.17,51.8,168.34,16.5,0,26.874,2.75,2.25,2.125,4.0,47.5,24.0,17.8,270.0,0.0
37,116,333.17,51.8,168.34,16.5,0,26.874,2.75,2.25,2.125,4.0,36.0,42.5,,315.0,0.0
37,201,333.17,51.8,168.34,16.5,0,26.874,2.75,2.25,2.125,4.0,29.0,36.5,13.0,180.0,0.0
37,202,333.17,51.8,168.34,16.5,0,26.874,2.75,2.25,2.125,4.0,,,,,
37,203,333.17,51.8,168.34,16.5,0,26.874,2.75,2.25,2.125,4.0,47.0,53.0,24.0,270.0,0.0
37,204,333.17,51.8,168.34,16.5,0,26.874,2.75,2.25,2.125,4.0,,,,,
37,205,333.17,51.8,168.34,16.5,0,26.874,2.75,2.25,2.125,4.0,6.0,5.0,3.7,0.0,0.0
37,206,333.17,51.8,168.34,16.5,0,26.874,2.75,2.25,2.125,4.0,,,,,
37,207,333.17,51.8,168.34,16.5,0,26.874,2.75,2.25,2.125,4.0,,,,,
37,208,333.17,51.8,168.34,16.5,0,26.874,2.75,2.25,2.125,4.0,26.5,17.5,10.8,90.0,0.0
37,209,333.17,51.8,168.34,16.5,0,26.874,2.75,2.25,2.125,4.0,16.0,38.0,,135.0,0.0
37,210,333.17,51.8,168.34,16.5,0,26.874,2.75,2.25,2.125,4.0,,,,,
37,211,333.17,51.8,168.34,16.5,0,26.874,2.75,2.25,2.125,4.0,,,,,
37,212,333.17,51.8,168.34,16.5,0,26.874,2.75,2.25,2.125,4.0,44.5,48.0,,315.0,0.0
37,213,333.17,51.8,168.34,16.5,0,26.874,2.75,2.25,2.125,4.0,8.0,12.5,,45.0,0.0
37,214,333.17,51.8,168.34,16.5,0,26.874,2.75,2.25,2.125,4.0,,,,,
37,215,333.17,51.8,168.34,16.5,0,26.874,2.75,2.25,2.125,4.0,47.5,25.0,,225.0,0.0
37,216,333.17,51.8,168.34,16.5,0,26.874,2.75,2.25,2.125,4.0,,,,,
37,301,333.17,51.8,168.34,16.5,0,26.874,2.75,2.25,2.125,4.0,5.5,4.0,3.9,0.0,0.0
37,302,333.17,51.8,168.34,16.5,0,26.874,2.75,2.25,2.125,4.0,,,,,
37,303,333.17,51.8,168.34,16.5,0,26.874,2.75,2.25,2.125,4.0,,,,,
37,304,333.17,51.8,168.34,16.5,0,26.874,2.75,2.25,2.125,4.0,,,,,
37,305,333.17,51.8,168.34,16.5,0,26.874,2.75,2.25,2.125,4.0,34.0,28.5,,225.0,0.0
37,306,333.17,51.8,168.34,16.5,0,26.874,2.75,2.25,2.125,4.0,,,,,
37,307,333.17,51.8,168.34,16.5,0,26.874,2.75,2.25,2.125,4.0,16.5,21.0,9.1,90.0,0.0
37,308,333.17,51.8,168.34,16.5,0,26.874,2.75,2.25,2.125,4.0,,,,,
37,309,333.17,51.8,168.34,16.5,0,26.874,2.75,2.25,2.125,4.0,,,,,
37,310,333.17,51.8,168.34,16.5,0,26.874,2.75,2.25,2.125,4.0,30.5,25.0,14.8,180.0,0.0
37,311,333.17,51.8,168.34,16.5,0,26.874,2.75,2.25,2.125,4.0,41.5,45.5,20.3,270.0,0.0
37,312,333.17,51.8,168.34,16.5,0,26.874,2.75,2.25,2.125,4.0,30.0,21.5,,135.0,0.0
37,313,333.17,51.8,168.34,16.5,0,26.874,2.75,2.25,2.125,4.0,,,,,
37,314,333.17,51.8,168.34,16.5,0,26.874,2.75,2.25,2.125,4.0,,,,,
37,315,333.17,51.8,168.34,16.5,0,26.874,2.75,2.25,2.125,4.0,41.0,58.5,,315.0,0.0
37,316,333.17,51.8,168.34,16.5,0,26.874,2.75,2.25,2.125,4.0,10.5,10.0,,45.0,0.0
37,401,333.17,51.8,168.34,16.5,0,26.874,2.75,2.25,2.125,4.0,21.5,23.5,,135.0,0.0
37,402,333.17,51.8,168.34,16.5,0,26.874,2.75,2.25,2.125,4.0,,,,,
37,403,333.17,51.8,168.34,16.5,0,26.874,2.75,2.25,2.125,4.0,,,,,
37,404,333.17,51.8,168.34,16.5,0,26.874,2.75,2.25,2.125,4.0,,,,,
37,405,333.17,51.8,168.34,16.5,0,26.874,2.75,2.25,2.125,4.0,28.5,56.0,13.6,270.0,0.0
37,406,333.17,51.8,168.34,16.5,0,26.874,2.75,2.25,2.125,4.0,,,,,
37,407,333.17,51.8,168.34,16.5,0,26.874,2.75,2.25,2.125,4.0,22.0,21.5,10.8,180.0,0.0
37,408,333.17,51.8,168.34,16.5,0,26.874,2.75,2.25,2.125,4.0,,,,,
37,409,333.17,51.8,168.34,16.5,0,26.874,2.75,2.25,2.125,4.0,,,,,
37,410,333.17,51.8,168.34,16.5,0,26.874,2.75,2.25,2.125,4.0,17.0,8.5,,45.0,0.0
37,411,333.17,51.8,168.34,16.5,0,26.874,2.75,2.25,2.125,4.0,49.5,46.5,,315.0,0.0
37,412,333.17,51.8,168.34,16.5,0,26.874,2.75,2.25,2.125,4.0,7.0,5.0,4.4,0.0,0.0
37,413,333.17,51.8,168.34,16.5,0,26.874,2.75,2.25,2.125,4.0,,,,,
37,414,333.17,51.8,168.34,16.5,0,26.874,2.75,2.25,2.125,4.0,20.5,12.0,8.1,90.0,0.0
37,415,333.17,51.8,168.34,16.5,0,26.874,2.75,2.25,2.125,4.0,31.5,24.0,,225.0,0.0
37,416,333.17,51.8,168.34,16.5,0,26.874,2.75,2.25,2.125,4.0,,,,,
38,101,335.72,64.1,173.86,13.9,0,26.084,3.875,3.625,2.5,2.35,20.0,9.5,,45.0,0.0
38,102,335.72,64.1,173.86,13.9,0,26.084,3.875,3.625,2.5,2.35,40.0,36.5,7.3,90.0,0.0
38,103,335.72,64.1,173.86,13.9,0,26.084,3.875,3.625,2.5,2.35,,,,,
38,104,335.72,64.1,173.86,13.9,0,26.084,3.875,3.625,2.5,2.35,,,,,
38,105,335.72,64.1,173.86,13.9,0,26.084,3.875,3.625,2.5,2.35,,,,,
38,106,335.72,64.1,173.86,13.9,0,26.084,3.875,3.625,2.5,2.35,,,,,
38,107,335.72,64.1,173.86,13.9,0,26.084,3.875,3.625,2.5,2.35,,,,,
38,108,335.72,64.1,173.86,13.9,0,26.084,3.875,3.625,2.5,2.35,42.0,37.0,11.9,180.0,0.0
38,109,335.72,64.1,173.86,13.9,0,26.084,3.875,3.625,2.5,2.35,12.5,8.5,3.6,0.0,0.0
38,110,335.72,64.1,173.86,13.9,0,26.084,3.875,3.625,2.5,2.35,42.0,15.0,,135.0,0.0
38,111,335.72,64.1,173.86,13.9,0,26.084,3.875,3.625,2.5,2.35,,,,,
38,112,335.72,64.1,173.86,13.9,0,26.084,3.875,3.625,2.5,2.35,,,,,
38,113,335.72,64.1,173.86,13.9,0,26.084,3.875,3.625,2.5,2.35,,,,,
38,114,335.72,64.1,173.86,13.9,0,26.084,3.875,3.625,2.5,2.35,42.0,26.5,,225.0,0.0
38,115,335.72,64.1,173.86,13.9,0,26.084,3.875,3.625,2.5,2.35,66.0,54.0,27.3,270.0,0.0
38,116,335.72,64.1,173.86,13.9,0,26.084,3.875,3.625,2.5,2.35,53.5,47.0,,315.0,0.0
38,201,335.72,64.1,173.86,13.9,0,26.084,3.875,3.625,2.5,2.35,45.5,41.5,12.0,180.0,0.0
38,202,335.72,64.1,173.86,13.9,0,26.084,3.875,3.625,2.5,2.35,,,,,
38,203,335.72,64.1,173.86,13.9,0,26.084,3.875,3.625,2.5,2.35,70.0,38.0,25.9,270.0,0.0
38,204,335.72,64.1,173.86,13.9,0,26.084,3.875,3.625,2.5,2.35,,,,,
38,205,335.72,64.1,173.86,13.9,0,26.084,3.875,3.625,2.5,2.35,10.0,5.0,3.0,0.0,0.0
38,206,335.72,64.1,173.86,13.9,0,26.084,3.875,3.625,2.5,2.35,,,,,
38,207,335.72,64.1,173.86,13.9,0,26.084,3.875,3.625,2.5,2.35,,,,,
38,208,335.72,64.1,173.86,13.9,0,26.084,3.875,3.625,2.5,2.35,34.5,15.0,4.9,90.0,0.0
38,209,335.72,64.1,173.86,13.9,0,26.084,3.875,3.625,2.5,2.35,41.0,27.0,,135.0,0.0
38,210,335.72,64.1,173.86,13.9,0,26.084,3.875,3.625,2.5,2.35,,,,,
38,211,335.72,64.1,173.86,13.9,0,26.084,3.875,3.625,2.5,2.35,,,,,
38,212,335.72,64.1,173.86,13.9,0,26.084,3.875,3.625,2.5,2.35,52.0,31.0,,315.0,0.0
38,213,335.72,64.1,173.86,13.9,0,26.084,3.875,3.625,2.5,2.35,19.0,9.0,,45.0,0.0
38,214,335.72,64.1,173.86,13.9,0,26.084,3.875,3.625,2.5,2.35,,,,,
38,215,335.72,64.1,173.86,13.9,0,26.084,3.875,3.625,2.5,2.35,50.5,25.0,,225.0,0.0
38,216,335.72,64.1,173.86,13.9,0,26.084,3.875,3.625,2.5,2.35,,,,,
38,301,335.72,64.1,173.86,13.9,0,26.084,3.875,3.625,2.5,2.35,13.0,8.5,4.1,0.0,0.0
38,302,335.72,64.1,173.86,13.9,0,26.084,3.875,3.625,2.5,2.35,,,,,
38,303,335.72,64.1,173.86,13.9,0,26.084,3.875,3.625,2.5,2.35,,,,,
38,304,335.72,64.1,173.86,13.9,0,26.084,3.875,3.625,2.5,2.35,,,,,
38,305,335.72,64.1,173.86,13.9,0,26.084,3.875,3.625,2.5,2.35,48.0,35.5,,225.0,0.0
38,306,335.72,64.1,173.86,13.9,0,26.084,3.875,3.625,2.5,2.35,,,,,
38,307,335.72,64.1,173.86,13.9,0,26.084,3.875,3.625,2.5,2.35,32.0,23.0,6.1,90.0,0.0
38,308,335.72,64.1,173.86,13.9,0,26.084,3.875,3.625,2.5,2.35,,,,,
38,309,335.72,64.1,173.86,13.9,0,26.084,3.875,3.625,2.5,2.35,,,,,
38,310,335.72,64.1,173.86,13.9,0,26.084,3.875,3.625,2.5,2.35,35.5,34.0,5.8,180.0,0.0
38,311,335.72,64.1,173.86,13.9,0,26.084,3.875,3.625,2.5,2.35,33.0,50.5,11.0,270.0,0.0
38,312,335.72,64.1,173.86,13.9,0,26.084,3.875,3.625,2.5,2.35,38.5,30.5,,135.0,0.0
38,313,335.72,64.1,173.86,13.9,0,26.084,3.875,3.625,2.5,2.35,,,,,
38,314,335.72,64.1,173.86,13.9,0,26.084,3.875,3.625,2.5,2.35,,,,,
38,315,335.72,64.1,173.86,13.9,0,26.084,3.875,3.625,2.5,2.35,45.5,40.0,,315.0,0.0
38,316,335.72,64.1,173.86,13.9,0,26.084,3.875,3.625,2.5,2.35,18.0,14.5,,45.0,0.0
38,401,335.72,64.1,173.86,13.9,0,26.084,3.875,3.625,2.5,2.35,38.0,21.0,,135.0,0.0
38,402,335.72,64.1,173.86,13.9,0,26.084,3.875,3.625,2.5,2.35,,,,,
38,403,335.72,64.1,173.86,13.9,0,26.084,3.875,3.625,2.5,2.35,,,,,
38,404,335.72,64.1,173.86,13.9,0,26.084,3.875,3.625,2.5,2.35,,,,,
38,405,335.72,64.1,173.86,13.9,0,26.084,3.875,3.625,2.5,2.35,49.0,15.5,13.6,270.0,0.0
38,406,335.72,64.1,173.86,13.9,0,26.084,3.875,3.625,2.5,2.35,,,,,
38,407,335.72,64.1,173.86,13.9,0,26.084,3.875,3.625,2.5,2.35,31.0,21.5,6.3,180.0,0.0
38,408,335.72,64.1,173.86,13.9,0,26.084,3.875,3.625,2.5,2.35,,,,,
38,409,335.72,64.1,173.86,13.9,0,26.084,3.875,3.625,2.5,2.35,,,,,
38,410,335.72,64.1,173.86,13.9,0,26.084,3.875,3.625,2.5,2.35,10.0,7.5,,45.0,0.0
38,411,335.72,64.1,173.86,13.9,0,26.084,3.875,3.625,2.5,2.35,47.5,26.5,,315.0,0.0
38,412,335.72,64.1,173.86,13.9,0,26.084,3.875,3.625,2.5,2.35,11.0,5.5,3.5,0.0,0.0
38,413,335.72,64.1,173.86,13.9,0,26.084,3.875,3.625,2.5,2.35,,,,,
38,414,335.72,64.1,173.86,13.9,0,26.084,3.875,3.625,2.5,2.35,16.5,7.5,3.7,90.0,0.0
38,415,335.72,64.1,173.86,13.9,0,26.084,3.875,3.625,2.5,2.35,17.5,13.0,,225.0,0.0
38,416,335.72,64.1,173.86,13.9,0,26.084,3.875,3.625,2.5,2.35,,,,,
39,101,123.32,71.9,143.66,29.1,0,22.899,1.0,0.5,0.5,2.2,8.0,9.0,,45.0,0.0
39,102,123.32,71.9,143.66,29.1,0,22.899,1.0,0.5,0.5,2.2,10.0,4.5,,90.0,0.0
39,103,123.32,71.9,143.66,29.1,0,22.899,1.0,0.5,0.5,2.2,,,,,
39,104,123.32,71.9,143.66,29.1,0,22.899,1.0,0.5,0.5,2.2,,,,,
39,105,123.32,71.9,143.66,29.1,0,22.899,1.0,0.5,0.5,2.2,,,,,
39,106,123.32,71.9,143.66,29.1,0,22.899,1.0,0.5,0.5,2.2,,,,,
39,107,123.32,71.9,143.66,29.1,0,22.899,1.0,0.5,0.5,2.2,,,,,
39,108,123.32,71.9,143.66,29.1,0,22.899,1.0,0.5,0.5,2.2,47.0,11.5,,180.0,0.0
39,109,123.32,71.9,143.66,29.1,0,22.899,1.0,0.5,0.5,2.2,2.5,2.0,,0.0,0.0
39,110,123.32,71.9,143.66,29.1,0,22.899,1.0,0.5,0.5,2.2,18.5,17.0,,135.0,0.0
39,111,123.32,71.9,143.66,29.1,0,22.899,1.0,0.5,0.5,2.2,,,,,
39,112,123.32,71.9,143.66,29.1,0,22.899,1.0,0.5,0.5,2.2,,,,,
39,113,123.32,71.9,143.66,29.1,0,22.899,1.0,0.5,0.5,2.2,,,,,
39,114,123.32,71.9,143.66,29.1,0,22.899,1.0,0.5,0.5,2.2,14.0,16.5,,225.0,0.0
39,115,123.32,71.9,143.66,29.1,0,22.899,1.0,0.5,0.5,2.2,19.5,19.5,,270.0,0.0
39,116,123.32,71.9,143.66,29.1,0,22.899,1.0,0.5,0.5,2.2,58.0,29.0,,315.0,0.0
39,201,123.32,71.9,143.66,29.1,0,22.899,1.0,0.5,0.5,2.2,8.0,6.0,,180.0,0.0
39,202,123.32,71.9,143.66,29.1,0,22.899,1.0,0.5,0.5,2.2,,,,,
39,203,123.32,71.9,143.66,29.1,0,22.899,1.0,0.5,0.5,2.2,10.5,8.0,,270.0,0.0
39,204,123.32,71.9,143.66,29.1,0,22.899,1.0,0.5,0.5,2.2,,,,,
39,205,123.32,71.9,143.66,29.1,0,22.899,1.0,0.5,0.5,2.2,4.5,3.0,,0.0,0.0
39,206,123.32,71.9,143.66,29.1,0,22.899,1.0,0.5,0.5,2.2,,,,,
39,207,123.32,71.9,143.66,29.1,0,22.899,1.0,0.5,0.5,2.2,,,,,
39,208,123.32,71.9,143.66,29.1,0,22.899,1.0,0.5,0.5,2.2,35.0,7.5,,90.0,0.0
39,209,123.32,71.9,143.66,29.1,0,22.899,1.0,0.5,0.5,2.2,32.0,8.5,,135.0,0.0
39,210,123.32,71.9,143.66,29.1,0,22.899,1.0,0.5,0.5,2.2,,,,,
39,211,123.32,71.9,143.66,29.1,0,22.899,1.0,0.5,0.5,2.2,,,,,
39,212,123.32,71.9,143.66,29.1,0,22.899,1.0,0.5,0.5,2.2,70.0,11.0,,315.0,0.0
39,213,123.32,71.9,143.66,29.1,0,22.899,1.0,0.5,0.5,2.2,34.5,8.0,,45.0,0.0
39,214,123.32,71.9,143.66,29.1,0,22.899,1.0,0.5,0.5,2.2,,,,,
39,215,123.32,71.9,143.66,29.1,0,22.899,1.0,0.5,0.5,2.2,32.5,39.0,,225.0,0.0
39,216,123.32,71.9,143.66,29.1,0,22.899,1.0,0.5,0.5,2.2,,,,,
39,301,123.32,71.9,143.66,29.1,0,22.899,1.0,0.5,0.5,2.2,4.0,3.0,,0.0,0.0
39,302,123.32,71.9,143.66,29.1,0,22.899,1.0,0.5,0.5,2.2,,,,,
39,303,123.32,71.9,143.66,29.1,0,22.899,1.0,0.5,0.5,2.2,,,,,
39,304,123.32,71.9,143.66,29.1,0,22.899,1.0,0.5,0.5,2.2,,,,,
39,305,123.32,71.9,143.66,29.1,0,22.899,1.0,0.5,0.5,2.2,80.0,13.0,,225.0,0.0
39,306,123.32,71.9,143.66,29.1,0,22.899,1.0,0.5,0.5,2.2,,,,,
39,307,123.32,71.9,143.66,29.1,0,22.899,1.0,0.5,0.5,2.2,13.0,10.0,,90.0,0.0
39,308,123.32,71.9,143.66,29.1,0,22.899,1.0,0.5,0.5,2.2,,,,,
39,309,123.32,71.9,143.66,29.1,0,22.899,1.0,0.5,0.5,2.2,,,,,
39,310,123.32,71.9,143.66,29.1,0,22.899,1.0,0.5,0.5,2.2,16.0,7.5,,180.0,0.0
39,311,123.32,71.9,143.66,29.1,0,22.899,1.0,0.5,0.5,2.2,19.0,15.0,,270.0,0.0
39,312,123.32,71.9,143.66,29.1,0,22.899,1.0,0.5,0.5,2.2,83.0,14.0,,135.0,0.0
39,313,123.32,71.9,143.66,29.1,0,22.899,1.0,0.5,0.5,2.2,,,,,
39,314,123.32,71.9,143.66,29.1,0,22.899,1.0,0.5,0.5,2.2,,,,,
39,315,123.32,71.9,143.66,29.1,0,22.899,1.0,0.5,0.5,2.2,25.5,20.5,,315.0,0.0
39,316,123.32,71.9,143.66,29.1,0,22.899,1.0,0.5,0.5,2.2,21.5,7.0,,45.0,0.0
39,401,123.32,71.9,143.66,29.1,0,22.899,1.0,0.5,0.5,2.2,13.0,11.5,,135.0,0.0
39,402,123.32,71.9,143.66,29.1,0,22.899,1.0,0.5,0.5,2.2,,,,,
39,403,123.32,71.9,143.66,29.1,0,22.899,1.0,0.5,0.5,2.2,,,,,
39,404,123.32,71.9,143.66,29.1,0,22.899,1.0,0.5,0.5,2.2,,,,,
39,405,123.32,71.9,143.66,29.1,0,22.899,1.0,0.5,0.5,2.2,78.0,32.0,,270.0,0.0
39,406,123.32,71.9,143.66,29.1,0,22.899,1.0,0.5,0.5,2.2,,,,,
39,407,123.32,71.9,143.66,29.1,0,22.899,1.0,0.5,0.5,2.2,13.5,15.0,,180.0,0.0
39,408,123.32,71.9,143.66,29.1,0,22.899,1.0,0.5,0.5,2.2,,,,,
39,409,123.32,71.9,143.66,29.1,0,22.899,1.0,0.5,0.5,2.2,,,,,
39,410,123.32,71.9,143.66,29.1,0,22.899,1.0,0.5,0.5,2.2,4.5,1.5,,45.0,0.0
39,411,123.32,71.9,143.66,29.1,0,22.899,1.0,0.5,0.5,2.2,17.0,12.5,,315.0,0.0
39,412,123.32,71.9,143.66,29.1,0,22.899,1.0,0.5,0.5,2.2,4.5,4.0,,0.0,0.0
39,413,123.32,71.9,143.66,29.1,0,22.899,1.0,0.5,0.5,2.2,,,,,
39,414,123.32,71.9,143.66,29.1,0,22.899,1.0,0.5,0.5,2.2,6.5,4.0,,90.0,0.0
39,415,123.32,71.9,143.66,29.1,0,22.899,1.0,0.5,0.5,2.2,10.5,15.5,,225.0,0.0
39,416,123.32,71.9,143.66,29.1,0,22.899,1.0,0.5,0.5,2.2,,,,,
40,101,195.03,85.0,200.38,99.9,1,24.197,4.625,2.875,2.375,4.625,5.5,6.0,,45.0,0.0
40,102,195.03,85.0,200.38,99.9,1,24.197,4.625,2.875,2.375,4.625,13.5,13.0,7.0,90.0,0.0
40,103,195.03,85.0,200.38,99.9,1,24.197,4.625,2.875,2.375,4.625,,,,,
40,104,195.03,85.0,200.38,99.9,1,24.197,4.625,2.875,2.375,4.625,,,,,
40,105,195.03,85.0,200.38,99.9,1,24.197,4.625,2.875,2.375,4.625,,,,,
40,106,195.03,85.0,200.38,99.9,1,24.197,4.625,2.875,2.375,4.625,,,,,
40,107,195.03,85.0,200.38,99.9,1,24.197,4.625,2.875,2.375,4.625,,,,,
40,108,195.03,85.0,200.38,99.9,1,24.197,4.625,2.875,2.375,4.625,17.0,15.5,10.3,180.0,0.0
40,109,195.03,85.0,200.38,99.9,1,24.197,4.625,2.875,2.375,4.625,2.0,2.5,4.4,0.0,0.0
40,110,195.03,85.0,200.38,99.9,1,24.197,4.625,2.875,2.375,4.625,16.0,13.0,,135.0,0.0
40,111,195.03,85.0,200.38,99.9,1,24.197,4.625,2.875,2.375,4.625,,,,,
40,112,195.03,85.0,200.38,99.9,1,24.197,4.625,2.875,2.375,4.625,,,,,
40,113,195.03,85.0,200.38,99.9,1,24.197,4.625,2.875,2.375,4.625,,,,,
40,114,195.03,85.0,200.38,99.9,1,24.197,4.625,2.875,2.375,4.625,28.0,21.0,,225.0,0.0
40,115,195.03,85.0,200.38,99.9,1,24.197,4.625,2.875,2.375,4.625,23.5,12.0,6.5,270.0,0.0
40,116,195.03,85.0,200.38,99.9,1,24.197,4.625,2.875,2.375,4.625,45.5,21.0,,315.0,0.0
40,201,195.03,85.0,200.38,99.9,1,24.197,4.625,2.875,2.375,4.625,12.5,13.0,14.0,180.0,0.0
40,202,195.03,85.0,200.38,99.9,1,24.197,4.625,2.875,2.375,4.625,,,,,
40,203,195.03,85.0,200.38,99.9,1,24.197,4.625,2.875,2.375,4.625,38.5,13.0,17.6,270.0,0.0
40,204,195.03,85.0,200.38,99.9,1,24.197,4.625,2.875,2.375,4.625,,,,,
40,205,195.03,85.0,200.38,99.9,1,24.197,4.625,2.875,2.375,4.625,2.0,3.5,8.4,0.0,0.0
40,206,195.03,85.0,200.38,99.9,1,24.197,4.625,2.875,2.375,4.625,,,,,
40,207,195.03,85.0,200.38,99.9,1,24.197,4.625,2.875,2.375,4.625,,,,,
40,208,195.03,85.0,200.38,99.9,1,24.197,4.625,2.875,2.375,4.625,5.5,7.0,7.3,90.0,0.0
40,209,195.03,85.0,200.38,99.9,1,24.197,4.625,2.875,2.375,4.625,6.5,6.5,,135.0,0.0
40,210,195.03,85.0,200.38,99.9,1,24.197,4.625,2.875,2.375,4.625,,,,,
40,211,195.03,85.0,200.38,99.9,1,24.197,4.625,2.875,2.375,4.625,,,,,
40,212,195.03,85.0,200.38,99.9,1,24.197,4.625,2.875,2.375,4.625,37.5,17.5,,315.0,0.0
40,213,195.03,85.0,200.38,99.9,1,24.197,4.625,2.875,2.375,4.625,3.5,6.5,,45.0,0.0
40,214,195.03,85.0,200.38,99.9,1,24.197,4.625,2.875,2.375,4.625,,,,,
40,215,195.03,85.0,200.38,99.9,1,24.197,4.625,2.875,2.375,4.625,24.0,13.0,,225.0,0.0
40,216,195.03,85.0,200.38,99.9,1,24.197,4.625,2.875,2.375,4.625,,,,,
40,301,195.03,85.0,200.38,99.9,1,24.197,4.625,2.875,2.375,4.625,2.0,3.0,8.6,0.0,0.0
40,302,195.03,85.0,200.38,99.9,1,24.197,4.625,2.875,2.375,4.625,,,,,
40,303,195.03,85.0,200.38,99.9,1,24.197,4.625,2.875,2.375,4.625,,,,,
40,304,195.03,85.0,200.38,99.9,1,24.197,4.625,2.875,2.375,4.625,,,,,
40,305,195.03,85.0,200.38,99.9,1,24.197,4.625,2.875,2.375,4.625,15.0,11.0,,225.0,0.0
40,306,195.03,85.0,200.38,99.9,1,24.197,4.625,2.875,2.375,4.625,,,,,
40,307,195.03,85.0,200.38,99.9,1,24.197,4.625,2.875,2.375,4.625,7.5,6.5,9.1,90.0,0.0
40,308,195.03,85.0,200.38,99.9,1,24.197,4.625,2.875,2.375,4.625,,,,,
40,309,195.03,85.0,200.38,99.9,1,24.197,4.625,2.875,2.375,4.625,,,,,
40,310,195.03,85.0,200.38,99.9,1,24.197,4.625,2.875,2.375,4.625,20.0,10.5,10.5,180.0,0.0
40,311,195.03,85.0,200.38,99.9,1,24.197,4.625,2.875,2.375,4.625,31.5,10.5,13.3,270.0,0.0
40,312,195.03,85.0,200.38,99.9,1,24.197,4.625,2.875,2.375,4.625,23.0,9.0,,135.0,0.0
40,313,195.03,85.0,200.38,99.9,1,24.197,4.625,2.875,2.375,4.625,,,,,
40,314,195.03,85.0,200.38,99.9,1,24.197,4.625,2.875,2.375,4.625,,,,,
40,315,195.03,85.0,200.38,99.9,1,24.197,4.625,2.875,2.375,4.625,34.5,13.5,,315.0,0.0
40,316,195.03,85.0,200.38,99.9,1,24.197,4.625,2.875,2.375,4.625,11.5,8.5,,45.0,0.0
40,401,195.03,85.0,200.38,99.9,1,24.197,4.625,2.875,2.375,4.625,11.0,11.0,,135.0,0.0
40,402,195.03,85.0,200.38,99.9,1,24.197,4.625,2.875,2.375,4.625,,,,,
40,403,195.03,85.0,200.38,99.9,1,24.197,4.625,2.875,2.375,4.625,,,,,
40,404,195.03,85.0,200.38,99.9,1,24.197,4.625,2.875,2.375,4.625,,,,,
40,405,195.03,85.0,200.38,99.9,1,24.197,4.625,2.875,2.375,4.625,24.0,11.5,17.5,270.0,0.0
40,406,195.03,85.0,200.38,99.9,1,24.197,4.625,2.875,2.375,4.625,,,,,
40,407,195.03,85.0,200.38,99.9,1,24.197,4.625,2.875,2.375,4.625,7.0,7.0,10.8,180.0,0.0
40,408,195.03,85.0,200.38,99.9,1,24.197,4.625,2.875,2.375,4.625,,,,,
40,409,195.03,85.0,200.38,99.9,1,24.197,4.625,2.875,2.375,4.625,,,,,
40,410,195.03,85.0,200.38,99.9,1,24.197,4.625,2.875,2.375,4.625,2.5,3.5,,45.0,0.0
40,411,195.03,85.0,200.38,99.9,1,24.197,4.625,2.875,2.375,4.625,18.5,10.5,,315.0,0.0
40,412,195.03,85.0,200.38,99.9,1,24.197,4.625,2.875,2.375,4.625,3.5,4.5,7.9,0.0,0.0
40,413,195.03,85.0,200.38,99.9,1,24.197,4.625,2.875,2.375,4.625,,,,,
40,414,195.03,85.0,200.38,99.9,1,24.197,4.625,2.875,2.375,4.625,5.0,5.5,9.4,90.0,0.0
40,415,195.03,85.0,200.38,99.9,1,24.197,4.625,2.875,2.375,4.625,16.0,8.5,,225.0,0.0
40,416,195.03,85.0,200.38,99.9,1,24.197,4.625,2.875,2.375,4.625,,,,,
41,101,190.9,95.7,130.6,86.0,0,21.688,7.0,4.5,2.5,2.275,28.5,6.5,,45.0,0.0
41,102,190.9,95.7,130.6,86.0,0,21.688,7.0,4.5,2.5,2.275,38.5,6.0,2.6,90.0,0.0
41,103,190.9,95.7,130.6,86.0,0,21.688,7.0,4.5,2.5,2.275,,,,,
41,104,190.9,95.7,130.6,86.0,0,21.688,7.0,4.5,2.5,2.275,,,,,
41,105,190.9,95.7,130.6,86.0,0,21.688,7.0,4.5,2.5,2.275,,,,,
41,106,190.9,95.7,130.6,86.0,0,21.688,7.0,4.5,2.5,2.275,,,,,
41,107,190.9,95.7,130.6,86.0,0,21.688,7.0,4.5,2.5,2.275,,,,,
41,108,190.9,95.7,130.6,86.0,0,21.688,7.0,4.5,2.5,2.275,59.0,11.0,6.6,180.0,0.0
41,109,190.9,95.7,130.6,86.0,0,21.688,7.0,4.5,2.5,2.275,14.0,4.0,1.5,0.0,0.0
41,110,190.9,95.7,130.6,86.0,0,21.688,7.0,4.5,2.5,2.275,49.5,11.0,,135.0,0.0
41,111,190.9,95.7,130.6,86.0,0,21.688,7.0,4.5,2.5,2.275,,,,,
41,112,190.9,95.7,130.6,86.0,0,21.688,7.0,4.5,2.5,2.275,,,,,
41,113,190.9,95.7,130.6,86.0,0,21.688,7.0,4.5,2.5,2.275,,,,,
41,114,190.9,95.7,130.6,86.0,0,21.688,7.0,4.5,2.5,2.275,42.0,6.0,,225.0,0.0
41,115,190.9,95.7,130.6,86.0,0,21.688,7.0,4.5,2.5,2.275,55.5,18.0,14.8,270.0,0.0
41,116,190.9,95.7,130.6,86.0,0,21.688,7.0,4.5,2.5,2.275,90.0,11.0,,315.0,0.0
41,201,190.9,95.7,130.6,86.0,0,21.688,7.0,4.5,2.5,2.275,50.5,11.5,2.6,180.0,0.0
41,202,190.9,95.7,130.6,86.0,0,21.688,7.0,4.5,2.5,2.275,,,,,
41,203,190.9,95.7,130.6,86.0,0,21.688,7.0,4.5,2.5,2.275,82.0,18.0,12.5,270.0,0.0
41,204,190.9,95.7,130.6,86.0,0,21.688,7.0,4.5,2.5,2.275,,,,,
41,205,190.9,95.7,130.6,86.0,0,21.688,7.0,4.5,2.5,2.275,13.0,4.5,2.1,0.0,0.0
41,206,190.9,95.7,130.6,86.0,0,21.688,7.0,4.5,2.5,2.275,,,,,
41,207,190.9,95.7,130.6,86.0,0,21.688,7.0,4.5,2.5,2.275,,,,,
41,208,190.9,95.7,130.6,86.0,0,21.688,7.0,4.5,2.5,2.275,31.0,14.0,2.6,90.0,0.0
41,209,190.9,95.7,130.6,86.0,0,21.688,7.0,4.5,2.5,2.275,45.0,14.5,,135.0,0.0
41,210,190.9,95.7,130.6,86.0,0,21.688,7.0,4.5,2.5,2.275,,,,,
41,211,190.9,95.7,130.6,86.0,0,21.688,7.0,4.5,2.5,2.275,,,,,
41,212,190.9,95.7,130.6,86.0,0,21.688,7.0,4.5,2.5,2.275,58.5,23.5,,315.0,0.0
41,213,190.9,95.7,130.6,86.0,0,21.688,7.0,4.5,2.5,2.275,21.0,6.0,,45.0,0.0
41,214,190.9,95.7,130.6,86.0,0,21.688,7.0,4.5,2.5,2.275,,,,,
41,215,190.9,95.7,130.6,86.0,0,21.688,7.0,4.5,2.5,2.275,43.0,12.0,,225.0,0.0
41,216,190.9,95.7,130.6,86.0,0,21.688,7.0,4.5,2.5,2.275,,,,,
41,301,190.9,95.7,130.6,86.0,0,21.688,7.0,4.5,2.5,2.275,9.5,7.5,2.4,0.0,0.0
41,302,190.9,95.7,130.6,86.0,0,21.688,7.0,4.5,2.5,2.275,,,,,
41,303,190.9,95.7,130.6,86.0,0,21.688,7.0,4.5,2.5,2.275,,,,,
41,304,190.9,95.7,130.6,86.0,0,21.688,7.0,4.5,2.5,2.275,,,,,
41,305,190.9,95.7,130.6,86.0,0,21.688,7.0,4.5,2.5,2.275,46.0,15.0,,225.0,0.0
41,306,190.9,95.7,130.6,86.0,0,21.688,7.0,4.5,2.5,2.275,,,,,
41,307,190.9,95.7,130.6,86.0,0,21.688,7.0,4.5,2.5,2.275,32.5,10.5,3.3,90.0,0.0
41,308,190.9,95.7,130.6,86.0,0,21.688,7.0,4.5,2.5,2.275,,,,,
41,309,190.9,95.7,130.6,86.0,0,21.688,7.0,4.5,2.5,2.275,,,,,
41,310,190.9,95.7,130.6,86.0,0,21.688,7.0,4.5,2.5,2.275,50.0,8.5,10.4,180.0,0.0
41,311,190.9,95.7,130.6,86.0,0,21.688,7.0,4.5,2.5,2.275,102.0,23.0,24.4,270.0,0.0
41,312,190.9,95.7,130.6,86.0,0,21.688,7.0,4.5,2.5,2.275,72.0,15.0,,135.0,0.0
41,313,190.9,95.7,130.6,86.0,0,21.688,7.0,4.5,2.5,2.275,,,,,
41,314,190.9,95.7,130.6,86.0,0,21.688,7.0,4.5,2.5,2.275,,,,,
41,315,190.9,95.7,130.6,86.0,0,21.688,7.0,4.5,2.5,2.275,76.0,43.0,,315.0,0.0
41,316,190.9,95.7,130.6,86.0,0,21.688,7.0,4.5,2.5,2.275,18.5,5.5,,45.0,0.0
41,401,190.9,95.7,130.6,86.0,0,21.688,7.0,4.5,2.5,2.275,39.5,11.0,,135.0,0.0
41,402,190.9,95.7,130.6,86.0,0,21.688,7.0,4.5,2.5,2.275,,,,,
41,403,190.9,95.7,130.6,86.0,0,21.688,7.0,4.5,2.5,2.275,,,,,
41,404,190.9,95.7,130.6,86.0,0,21.688,7.0,4.5,2.5,2.275,,,,,
41,405,190.9,95.7,130.6,86.0,0,21.688,7.0,4.5,2.5,2.275,78.0,19.5,17.3,270.0,0.0
41,406,190.9,95.7,130.6,86.0,0,21.688,7.0,4.5,2.5,2.275,,,,,
41,407,190.9,95.7,130.6,86.0,0,21.688,7.0,4.5,2.5,2.275,49.0,12.5,5.2,180.0,0.0
41,408,190.9,95.7,130.6,86.0,0,21.688,7.0,4.5,2.5,2.275,,,,,
41,409,190.9,95.7,130.6,86.0,0,21.688,7.0,4.5,2.5,2.275,,,,,
41,410,190.9,95.7,130.6,86.0,0,21.688,7.0,4.5,2.5,2.275,20.0,8.0,,45.0,0.0
41,411,190.9,95.7,130.6,86.0,0,21.688,7.0,4.5,2.5,2.275,94.0,15.5,,315.0,0.0
41,412,190.9,95.7,130.6,86.0,0,21.688,7.0,4.5,2.5,2.275,16.0,6.5,2.6,0.0,0.0
41,413,190.9,95.7,130.6,86.0,0,21.688,7.0,4.5,2.5,2.275,,,,,
41,414,190.9,95.7,130.6,86.0,0,21.688,7.0,4.5,2.5,2.275,40.0,6.5,4.3,90.0,0.0
41,415,190.9,95.7,130.6,86.0,0,21.688,7.0,4.5,2.5,2.275,55.0,,,225.0,0.0
41,416,190.9,95.7,130.6,86.0,0,21.688,7.0,4.5,2.5,2.275,,,,,
42,101,143.04,80.1,102.93,71.6,0,22.009,5.0,3.875,3.5,2.175,13.5,7.5,,45.0,0.0
42,102,143.04,80.1,102.93,71.6,0,22.009,5.0,3.875,3.5,2.175,22.0,11.0,9.2,90.0,0.0
42,103,143.04,80.1,102.93,71.6,0,22.009,5.0,3.875,3.5,2.175,,,,,
42,104,143.04,80.1,102.93,71.6,0,22.009,5.0,3.875,3.5,2.175,,,,,
42,105,143.04,80.1,102.93,71.6,0,22.009,5.0,3.875,3.5,2.175,,,,,
42,106,143.04,80.1,102.93,71.6,0,22.009,5.0,3.875,3.5,2.175,,,,,
42,107,143.04,80.1,102.93,71.6,0,22.009,5.0,3.875,3.5,2.175,,,,,
42,108,143.04,80.1,102.93,71.6,0,22.009,5.0,3.875,3.5,2.175,26.5,14.0,9.7,180.0,0.0
42,109,143.04,80.1,102.93,71.6,0,22.009,5.0,3.875,3.5,2.175,9.0,5.5,7.5,0.0,0.0
42,110,143.04,80.1,102.93,71.6,0,22.009,5.0,3.875,3.5,2.175,26.0,16.0,,135.0,0.0
42,111,143.04,80.1,102.93,71.6,0,22.009,5.0,3.875,3.5,2.175,,,,,
42,112,143.04,80.1,102.93,71.6,0,22.009,5.0,3.875,3.5,2.175,,,,,
42,113,143.04,80.1,102.93,71.6,0,22.009,5.0,3.875,3.5,2.175,,,,,
42,114,143.04,80.1,102.93,71.6,0,22.009,5.0,3.875,3.5,2.175,55.5,28.0,,225.0,0.0
42,115,143.04,80.1,102.93,71.6,0,22.009,5.0,3.875,3.5,2.175,44.5,24.0,4.3,270.0,0.0
42,116,143.04,80.1,102.93,71.6,0,22.009,5.0,3.875,3.5,2.175,34.0,37.5,,315.0,0.0
42,201,143.04,80.1,102.93,71.6,0,22.009,5.0,3.875,3.5,2.175,39.5,13.5,9.5,180.0,0.0
42,202,143.04,80.1,102.93,71.6,0,22.009,5.0,3.875,3.5,2.175,,,,,
42,203,143.04,80.1,102.93,71.6,0,22.009,5.0,3.875,3.5,2.175,40.0,27.5,13.7,270.0,0.0
42,204,143.04,80.1,102.93,71.6,0,22.009,5.0,3.875,3.5,2.175,,,,,
42,205,143.04,80.1,102.93,71.6,0,22.009,5.0,3.875,3.5,2.175,7.5,7.0,11.4,0.0,0.0
42,206,143.04,80.1,102.93,71.6,0,22.009,5.0,3.875,3.5,2.175,,,,,
42,207,143.04,80.1,102.93,71.6,0,22.009,5.0,3.875,3.5,2.175,,,,,
42,208,143.04,80.1,102.93,71.6,0,22.009,5.0,3.875,3.5,2.175,22.0,11.0,11.3,90.0,0.0
42,209,143.04,80.1,102.93,71.6,0,22.009,5.0,3.875,3.5,2.175,26.5,40.5,,135.0,0.0
42,210,143.04,80.1,102.93,71.6,0,22.009,5.0,3.875,3.5,2.175,,,,,
42,211,143.04,80.1,102.93,71.6,0,22.009,5.0,3.875,3.5,2.175,,,,,
42,212,143.04,80.1,102.93,71.6,0,22.009,5.0,3.875,3.5,2.175,54.0,34.5,,315.0,0.0
42,213,143.04,80.1,102.93,71.6,0,22.009,5.0,3.875,3.5,2.175,11.0,7.0,,45.0,0.0
42,214,143.04,80.1,102.93,71.6,0,22.009,5.0,3.875,3.5,2.175,,,,,
42,215,143.04,80.1,102.93,71.6,0,22.009,5.0,3.875,3.5,2.175,,,,225.0,0.0
42,216,143.04,80.1,102.93,71.6,0,22.009,5.0,3.875,3.5,2.175,,,,,
42,301,143.04,80.1,102.93,71.6,0,22.009,5.0,3.875,3.5,2.175,8.0,5.0,2.7,0.0,0.0
42,302,143.04,80.1,102.93,71.6,0,22.009,5.0,3.875,3.5,2.175,,,,,
42,303,143.04,80.1,102.93,71.6,0,22.009,5.0,3.875,3.5,2.175,,,,,
42,304,143.04,80.1,102.93,71.6,0,22.009,5.0,3.875,3.5,2.175,,,,,
42,305,143.04,80.1,102.93,71.6,0,22.009,5.0,3.875,3.5,2.175,40.0,19.0,,225.0,0.0
42,306,143.04,80.1,102.93,71.6,0,22.009,5.0,3.875,3.5,2.175,,,,,
42,307,143.04,80.1,102.93,71.6,0,22.009,5.0,3.875,3.5,2.175,26.0,17.0,3.6,90.0,0.0
42,308,143.04,80.1,102.93,71.6,0,22.009,5.0,3.875,3.5,2.175,,,,,
42,309,143.04,80.1,102.93,71.6,0,22.009,5.0,3.875,3.5,2.175,,,,,
42,310,143.04,80.1,102.93,71.6,0,22.009,5.0,3.875,3.5,2.175,30.5,12.0,3.0,180.0,0.0
42,311,143.04,80.1,102.93,71.6,0,22.009,5.0,3.875,3.5,2.175,72.0,32.0,10.6,270.0,0.0
42,312,143.04,80.1,102.93,71.6,0,22.009,5.0,3.875,3.5,2.175,41.5,21.0,,135.0,0.0
42,313,143.04,80.1,102.93,71.6,0,22.009,5.0,3.875,3.5,2.175,,,,,
42,314,143.04,80.1,102.93,71.6,0,22.009,5.0,3.875,3.5,2.175,,,,,
42,315,143.04,80.1,102.93,71.6,0,22.009,5.0,3.875,3.5,2.175,51.0,45.5,,315.0,0.0
42,316,143.04,80.1,102.93,71.6,0,22.009,5.0,3.875,3.5,2.175,18.5,14.0,,45.0,0.0
42,401,143.04,80.1,102.93,71.6,0,22.009,5.0,3.875,3.5,2.175,37.5,19.5,,135.0,0.0
42,402,143.04,80.1,102.93,71.6,0,22.009,5.0,3.875,3.5,2.175,,,,,
42,403,143.04,80.1,102.93,71.6,0,22.009,5.0,3.875,3.5,2.175,,,,,
42,404,143.04,80.1,102.93,71.6,0,22.009,5.0,3.875,3.5,2.175,,,,,
42,405,143.04,80.1,102.93,71.6,0,22.009,5.0,3.875,3.5,2.175,68.0,37.0,4.9,270.0,0.0
42,406,143.04,80.1,102.93,71.6,0,22.009,5.0,3.875,3.5,2.175,,,,,
42,407,143.04,80.1,102.93,71.6,0,22.009,5.0,3.875,3.5,2.175,51.5,25.5,13.0,180.0,0.0
42,408,143.04,80.1,102.93,71.6,0,22.009,5.0,3.875,3.5,2.175,,,,,
42,409,143.04,80.1,102.93,71.6,0,22.009,5.0,3.875,3.5,2.175,,,,,
42,410,143.04,80.1,102.93,71.6,0,22.009,5.0,3.875,3.5,2.175,17.5,8.5,,45.0,0.0
42,411,143.04,80.1,102.93,71.6,0,22.009,5.0,3.875,3.5,2.175,86.0,13.0,,315.0,0.0
42,412,143.04,80.1,102.93,71.6,0,22.009,5.0,3.875,3.5,2.175,8.5,7.0,2.4,0.0,0.0
42,413,143.04,80.1,102.93,71.6,0,22.009,5.0,3.875,3.5,2.175,,,,,
42,414,143.04,80.1,102.93,71.6,0,22.009,5.0,3.875,3.5,2.175,24.0,16.0,2.3,90.0,0.0
42,415,143.04,80.1,102.93,71.6,0,22.009,5.0,3.875,3.5,2.175,54.0,36.5,,225.0,0.0
42,416,143.04,80.1,102.93,71.6,0,22.009,5.0,3.875,3.5,2.175,,,,,
43,101,215.05,71.8,114.24,110.7,0,23.283,5.25,3.375,2.75,2.475,10.5,6.0,,45.0,0.0
43,102,215.05,71.8,114.24,110.7,0,23.283,5.25,3.375,2.75,2.475,17.5,11.0,1.0,90.0,0.0
43,103,215.05,71.8,114.24,110.7,0,23.283,5.25,3.375,2.75,2.475,,,,,
43,104,215.05,71.8,114.24,110.7,0,23.283,5.25,3.375,2.75,2.475,,,,,
43,105,215.05,71.8,114.24,110.7,0,23.283,5.25,3.375,2.75,2.475,,,,,
43,106,215.05,71.8,114.24,110.7,0,23.283,5.25,3.375,2.75,2.475,,,,,
43,107,215.05,71.8,114.24,110.7,0,23.283,5.25,3.375,2.75,2.475,,,,,
43,108,215.05,71.8,114.24,110.7,0,23.283,5.25,3.375,2.75,2.475,43.5,22.0,5.2,180.0,0.0
43,109,215.05,71.8,114.24,110.7,0,23.283,5.25,3.375,2.75,2.475,5.0,4.5,1.0,0.0,0.0
43,110,215.05,71.8,114.24,110.7,0,23.283,5.25,3.375,2.75,2.475,22.5,12.5,,135.0,0.0
43,111,215.05,71.8,114.24,110.7,0,23.283,5.25,3.375,2.75,2.475,,,,,
43,112,215.05,71.8,114.24,110.7,0,23.283,5.25,3.375,2.75,2.475,,,,,
43,113,215.05,71.8,114.24,110.7,0,23.283,5.25,3.375,2.75,2.475,,,,,
43,114,215.05,71.8,114.24,110.7,0,23.283,5.25,3.375,2.75,2.475,43.5,19.0,,225.0,0.0
43,115,215.05,71.8,114.24,110.7,0,23.283,5.25,3.375,2.75,2.475,47.0,15.0,7.5,270.0,0.0
43,116,215.05,71.8,114.24,110.7,0,23.283,5.25,3.375,2.75,2.475,47.0,18.0,,315.0,0.0
43,201,215.05,71.8,114.24,110.7,0,23.283,5.25,3.375,2.75,2.475,41.5,13.0,5.4,180.0,0.0
43,202,215.05,71.8,114.24,110.7,0,23.283,5.25,3.375,2.75,2.475,,,,,
43,203,215.05,71.8,114.24,110.7,0,23.283,5.25,3.375,2.75,2.475,27.5,11.0,5.3,270.0,0.0
43,204,215.05,71.8,114.24,110.7,0,23.283,5.25,3.375,2.75,2.475,,,,,
43,205,215.05,71.8,114.24,110.7,0,23.283,5.25,3.375,2.75,2.475,10.0,6.0,3.8,0.0,0.0
43,206,215.05,71.8,114.24,110.7,0,23.283,5.25,3.375,2.75,2.475,,,,,
43,207,215.05,71.8,114.24,110.7,0,23.283,5.25,3.375,2.75,2.475,,,,,
43,208,215.05,71.8,114.24,110.7,0,23.283,5.25,3.375,2.75,2.475,18.0,8.0,2.3,90.0,0.0
43,209,215.05,71.8,114.24,110.7,0,23.283,5.25,3.375,2.75,2.475,20.5,13.0,,135.0,0.0
43,210,215.05,71.8,114.24,110.7,0,23.283,5.25,3.375,2.75,2.475,,,,,
43,211,215.05,71.8,114.24,110.7,0,23.283,5.25,3.375,2.75,2.475,,,,,
43,212,215.05,71.8,114.24,110.7,0,23.283,5.25,3.375,2.75,2.475,44.0,17.0,,315.0,0.0
43,213,215.05,71.8,114.24,110.7,0,23.283,5.25,3.375,2.75,2.475,13.0,9.0,,45.0,0.0
43,214,215.05,71.8,114.24,110.7,0,23.283,5.25,3.375,2.75,2.475,,,,,
43,215,215.05,71.8,114.24,110.7,0,23.283,5.25,3.375,2.75,2.475,43.0,18.5,,225.0,0.0
43,216,215.05,71.8,114.24,110.7,0,23.283,5.25,3.375,2.75,2.475,,,,,
43,301,215.05,71.8,114.24,110.7,0,23.283,5.25,3.375,2.75,2.475,5.5,5.5,2.0,0.0,0.0
43,302,215.05,71.8,114.24,110.7,0,23.283,5.25,3.375,2.75,2.475,,,,,
43,303,215.05,71.8,114.24,110.7,0,23.283,5.25,3.375,2.75,2.475,,,,,
43,304,215.05,71.8,114.24,110.7,0,23.283,5.25,3.375,2.75,2.475,,,,,
43,305,215.05,71.8,114.24,110.7,0,23.283,5.25,3.375,2.75,2.475,34.0,15.0,,225.0,0.0
43,306,215.05,71.8,114.24,110.7,0,23.283,5.25,3.375,2.75,2.475,,,,,
43,307,215.05,71.8,114.24,110.7,0,23.283,5.25,3.375,2.75,2.475,23.0,12.5,4.0,90.0,0.0
43,308,215.05,71.8,114.24,110.7,0,23.283,5.25,3.375,2.75,2.475,,,,,
43,309,215.05,71.8,114.24,110.7,0,23.283,5.25,3.375,2.75,2.475,,,,,
43,310,215.05,71.8,114.24,110.7,0,23.283,5.25,3.375,2.75,2.475,25.0,12.0,3.8,180.0,0.0
43,311,215.05,71.8,114.24,110.7,0,23.283,5.25,3.375,2.75,2.475,41.5,23.5,7.8,270.0,0.0
43,312,215.05,71.8,114.24,110.7,0,23.283,5.25,3.375,2.75,2.475,24.5,10.5,,135.0,0.0
43,313,215.05,71.8,114.24,110.7,0,23.283,5.25,3.375,2.75,2.475,,,,,
43,314,215.05,71.8,114.24,110.7,0,23.283,5.25,3.375,2.75,2.475,,,,,
43,315,215.05,71.8,114.24,110.7,0,23.283,5.25,3.375,2.75,2.475,46.5,20.0,,315.0,0.0
43,316,215.05,71.8,114.24,110.7,0,23.283,5.25,3.375,2.75,2.475,9.0,5.5,,45.0,0.0
43,401,215.05,71.8,114.24,110.7,0,23.283,5.25,3.375,2.75,2.475,23.0,8.0,,135.0,0.0
43,402,215.05,71.8,114.24,110.7,0,23.283,5.25,3.375,2.75,2.475,,,,,
43,403,215.05,71.8,114.24,110.7,0,23.283,5.25,3.375,2.75,2.475,,,,,
43,404,215.05,71.8,114.24,110.7,0,23.283,5.25,3.375,2.75,2.475,,,,,
43,405,215.05,71.8,114.24,110.7,0,23.283,5.25,3.375,2.75,2.475,40.0,20.0,8.2,270.0,0.0
43,406,215.05,71.8,114.24,110.7,0,23.283,5.25,3.375,2.75,2.475,,,,,
43,407,215.05,71.8,114.24,110.7,0,23.283,5.25,3.375,2.75,2.475,23.5,10.5,3.3,180.0,0.0
43,408,215.05,71.8,114.24,110.7,0,23.283,5.25,3.375,2.75,2.475,,,,,
43,409,215.05,71.8,114.24,110.7,0,23.283,5.25,3.375,2.75,2.475,,,,,
43,410,215.05,71.8,114.24,110.7,0,23.283,5.25,3.375,2.75,2.475,10.0,8.0,,45.0,0.0
43,411,215.05,71.8,114.24,110.7,0,23.283,5.25,3.375,2.75,2.475,49.0,21.0,,315.0,0.0
43,412,215.05,71.8,114.24,110.7,0,23.283,5.25,3.375,2.75,2.475,6.5,5.0,2.1,0.0,0.0
43,413,215.05,71.8,114.24,110.7,0,23.283,5.25,3.375,2.75,2.475,,,,,
43,414,215.05,71.8,114.24,110.7,0,23.283,5.25,3.375,2.75,2.475,13.0,9.0,1.5,90.0,0.0
43,415,215.05,71.8,114.24,110.7,0,23.283,5.25,3.375,2.75,2.475,24.5,17.0,,225.0,0.0
43,416,215.05,71.8,114.24,110.7,0,23.283,5.25,3.375,2.75,2.475,,,,,
44,101,175.02,93.2,179.38,24.9,0,24.363,15.125,4.40625,2.5,,,,,,
44,102,175.02,93.2,179.38,24.9,0,24.363,15.125,4.40625,2.5,,56.5,18.0,,225.0,0.0
44,103,175.02,93.2,179.38,24.9,0,24.363,15.125,4.40625,2.5,,23.5,7.0,,90.0,0.0
44,104,175.02,93.2,179.38,24.9,0,24.363,15.125,4.40625,2.5,,,,,,
44,105,175.02,93.2,179.38,24.9,0,24.363,15.125,4.40625,2.5,,15.0,10.5,6.1,0.0,0.0
44,106,175.02,93.2,179.38,24.9,0,24.363,15.125,4.40625,2.5,,51.5,18.5,,315.0,0.0
44,107,175.02,93.2,179.38,24.9,0,24.363,15.125,4.40625,2.5,,16.0,13.0,,45.0,0.0
44,108,175.02,93.2,179.38,24.9,0,24.363,15.125,4.40625,2.5,,,,,,
44,109,175.02,93.2,179.38,24.9,0,24.363,15.125,4.40625,2.5,,,,,,
44,110,175.02,93.2,179.38,24.9,0,24.363,15.125,4.40625,2.5,,68.0,17.0,19.8,180.0,0.0
44,111,175.02,93.2,179.38,24.9,0,24.363,15.125,4.40625,2.5,,,,,,
44,112,175.02,93.2,179.38,24.9,0,24.363,15.125,4.40625,2.5,,41.0,12.0,15.3,270.0,0.0
44,113,175.02,93.2,179.38,24.9,0,24.363,15.125,4.40625,2.5,,,,,,
44,114,175.02,93.2,179.38,24.9,0,24.363,15.125,4.40625,2.5,,,,,,
44,115,175.02,93.2,179.38,24.9,0,24.363,15.125,4.40625,2.5,,,,,,
44,116,175.02,93.2,179.38,24.9,0,24.363,15.125,4.40625,2.5,,27.0,16.0,,135.0,0.0
44,201,175.02,93.2,179.38,24.9,0,24.363,15.125,4.40625,2.5,,23.5,10.0,,45.0,0.0
44,202,175.02,93.2,179.38,24.9,0,24.363,15.125,4.40625,2.5,,72.0,14.5,,315.0,0.0
44,203,175.02,93.2,179.38,24.9,0,24.363,15.125,4.40625,2.5,,,,,,
44,204,175.02,93.2,179.38,24.9,0,24.363,15.125,4.40625,2.5,,,,,,
44,205,175.02,93.2,179.38,24.9,0,24.363,15.125,4.40625,2.5,,32.0,10.0,,135.0,0.0
44,206,175.02,93.2,179.38,24.9,0,24.363,15.125,4.40625,2.5,,34.5,10.5,11.2,270.0,0.0
44,207,175.02,93.2,179.38,24.9,0,24.363,15.125,4.40625,2.5,,36.0,9.0,9.2,180.0,0.0
44,208,175.02,93.2,179.38,24.9,0,24.363,15.125,4.40625,2.5,,,,,,
44,209,175.02,93.2,179.38,24.9,0,24.363,15.125,4.40625,2.5,,,,,,
44,210,175.02,93.2,179.38,24.9,0,24.363,15.125,4.40625,2.5,,22.5,10.5,6.3,90.0,0.0
44,211,175.02,93.2,179.38,24.9,0,24.363,15.125,4.40625,2.5,,,,,,
44,212,175.02,93.2,179.38,24.9,0,24.363,15.125,4.40625,2.5,,41.5,10.5,,225.0,0.0
44,213,175.02,93.2,179.38,24.9,0,24.363,15.125,4.40625,2.5,,,,,,
44,214,175.02,93.2,179.38,24.9,0,24.363,15.125,4.40625,2.5,,,,,,
44,215,175.02,93.2,179.38,24.9,0,24.363,15.125,4.40625,2.5,,,,,,
44,216,175.02,93.2,179.38,24.9,0,24.363,15.125,4.40625,2.5,,20.5,9.5,9.8,0.0,0.0
44,301,175.02,93.2,179.38,24.9,0,24.363,15.125,4.40625,2.5,,,,,,
44,302,175.02,93.2,179.38,24.9,0,24.363,15.125,4.40625,2.5,,41.5,20.0,,225.0,0.0
44,303,175.02,93.2,179.38,24.9,0,24.363,15.125,4.40625,2.5,,,,,,
44,304,175.02,93.2,179.38,24.9,0,24.363,15.125,4.40625,2.5,,21.5,10.5,,45.0,0.0
44,305,175.02,93.2,179.38,24.9,0,24.363,15.125,4.40625,2.5,,47.0,12.0,,315.0,0.0
44,306,175.02,93.2,179.38,24.9,0,24.363,15.125,4.40625,2.5,,,,,,
44,307,175.02,93.2,179.38,24.9,0,24.363,15.125,4.40625,2.5,,,,,,
44,308,175.02,93.2,179.38,24.9,0,24.363,15.125,4.40625,2.5,,37.0,14.5,,135.0,0.0
44,309,175.02,93.2,179.38,24.9,0,24.363,15.125,4.40625,2.5,,48.5,21.0,11.4,90.0,0.0
44,310,175.02,93.2,179.38,24.9,0,24.363,15.125,4.40625,2.5,,,,,,
44,311,175.02,93.2,179.38,24.9,0,24.363,15.125,4.40625,2.5,,,,,,
44,312,175.02,93.2,179.38,24.9,0,24.363,15.125,4.40625,2.5,,11.5,10.5,4.0,0.0,0.0
44,313,175.02,93.2,179.38,24.9,0,24.363,15.125,4.40625,2.5,,,,,,
44,314,175.02,93.2,179.38,24.9,0,24.363,15.125,4.40625,2.5,,35.5,12.5,12.1,270.0,0.0
44,315,175.02,93.2,179.38,24.9,0,24.363,15.125,4.40625,2.5,,,,,,
44,316,175.02,93.2,179.38,24.9,0,24.363,15.125,4.40625,2.5,,26.0,10.0,5.8,180.0,0.0
44,401,175.02,93.2,179.38,24.9,0,24.363,15.125,4.40625,2.5,,17.5,10.0,,315.0,0.0
44,402,175.02,93.2,179.38,24.9,0,24.363,15.125,4.40625,2.5,,48.5,18.0,13.8,270.0,0.0
44,403,175.02,93.2,179.38,24.9,0,24.363,15.125,4.40625,2.5,,42.0,18.0,,225.0,0.0
44,404,175.02,93.2,179.38,24.9,0,24.363,15.125,4.40625,2.5,,,,,,
44,405,175.02,93.2,179.38,24.9,0,24.363,15.125,4.40625,2.5,,,,,,
44,406,175.02,93.2,179.38,24.9,0,24.363,15.125,4.40625,2.5,,,,,,
44,407,175.02,93.2,179.38,24.9,0,24.363,15.125,4.40625,2.5,,46.0,11.5,,135.0,0.0
44,408,175.02,93.2,179.38,24.9,0,24.363,15.125,4.40625,2.5,,22.0,10.0,10.6,0.0,0.0
44,409,175.02,93.2,179.38,24.9,0,24.363,15.125,4.40625,2.5,,58.5,14.0,31.9,180.0,0.0
44,410,175.02,93.2,179.38,24.9,0,24.363,15.125,4.40625,2.5,,,,,,
44,411,175.02,93.2,179.38,24.9,0,24.363,15.125,4.40625,2.5,,,,,,
44,412,175.02,93.2,179.38,24.9,0,24.363,15.125,4.40625,2.5,,,,,,
44,413,175.02,93.2,179.38,24.9,0,24.363,15.125,4.40625,2.5,,,,,,
44,414,175.02,93.2,179.38,24.9,0,24.363,15.125,4.40625,2.5,,,,,,
44,415,175.02,93.2,179.38,24.9,0,24.363,15.125,4.40625,2.5,,37.0,10.5,12.6,90.0,0.0
44,416,175.02,93.2,179.38,24.9,0,24.363,15.125,4.40625,2.5,,21.0,10.0,,45.0,0.0
45,101,172.9,76.8,179.02,28.1,0,25.359,16.75,10.6875,7.25,,8.5,7.0,,45.0,0.0
45,102,172.9,76.8,179.02,28.1,0,25.359,16.75,10.6875,7.25,,,,,,
45,103,172.9,76.8,179.02,28.1,0,25.359,16.75,10.6875,7.25,,28.0,10.5,,135.0,0.0
45,104,172.9,76.8,179.02,28.1,0,25.359,16.75,10.6875,7.25,,,,,,
45,105,172.9,76.8,179.02,28.1,0,25.359,16.75,10.6875,7.25,,40.0,7.5,,225.0,0.0
45,106,172.9,76.8,179.02,28.1,0,25.359,16.75,10.6875,7.25,,,,,,
45,107,172.9,76.8,179.02,28.1,0,25.359,16.75,10.6875,7.25,,8.0,16.0,,315.0,0.0
45,108,172.9,76.8,179.02,28.1,0,25.359,16.75,10.6875,7.25,,9.5,35.5,5.5,0.0,0.0
45,109,172.9,76.8,179.02,28.1,0,25.359,16.75,10.6875,7.25,,,,,,
45,110,172.9,76.8,179.02,28.1,0,25.359,16.75,10.6875,7.25,,44.0,8.5,9.0,180.0,0.0
45,111,172.9,76.8,179.02,28.1,0,25.359,16.75,10.6875,7.25,,,,,,
45,112,172.9,76.8,179.02,28.1,0,25.359,16.75,10.6875,7.25,,,,,,
45,113,172.9,76.8,179.02,28.1,0,25.359,16.75,10.6875,7.25,,,,,,
45,114,172.9,76.8,179.02,28.1,0,25.359,16.75,10.6875,7.25,,11.5,37.5,5.9,90.0,0.0
45,115,172.9,76.8,179.02,28.1,0,25.359,16.75,10.6875,7.25,,,,,,
45,116,172.9,76.8,179.02,28.1,0,25.359,16.75,10.6875,7.25,,59.0,14.5,21.8,270.0,0.0
45,201,172.9,76.8,179.02,28.1,0,25.359,16.75,10.6875,7.25,,,,,,
45,202,172.9,76.8,179.02,28.1,0,25.359,16.75,10.6875,7.25,,,,,,
45,203,172.9,76.8,179.02,28.1,0,25.359,16.75,10.6875,7.25,,78.0,14.0,20.5,180.0,0.0
45,204,172.9,76.8,179.02,28.1,0,25.359,16.75,10.6875,7.25,,,,,,
45,205,172.9,76.8,179.02,28.1,0,25.359,16.75,10.6875,7.25,,12.5,8.5,8.7,0.0,0.0
45,206,172.9,76.8,179.02,28.1,0,25.359,16.75,10.6875,7.25,,20.0,7.5,,135.0,0.0
45,207,172.9,76.8,179.02,28.1,0,25.359,16.75,10.6875,7.25,,,,,,
45,208,172.9,76.8,179.02,28.1,0,25.359,16.75,10.6875,7.25,,39.0,12.0,,225.0,0.0
45,209,172.9,76.8,179.02,28.1,0,25.359,16.75,10.6875,7.25,,53.0,14.5,,45.0,0.0
45,210,172.9,76.8,179.02,28.1,0,25.359,16.75,10.6875,7.25,,17.5,5.5,,315.0,0.0
45,211,172.9,76.8,179.02,28.1,0,25.359,16.75,10.6875,7.25,,34.5,9.0,12.6,90.0,0.0
45,212,172.9,76.8,179.02,28.1,0,25.359,16.75,10.6875,7.25,,74.0,15.5,52.6,270.0,0.0
45,213,172.9,76.8,179.02,28.1,0,25.359,16.75,10.6875,7.25,,,,,,
45,214,172.9,76.8,179.02,28.1,0,25.359,16.75,10.6875,7.25,,,,,,
45,215,172.9,76.8,179.02,28.1,0,25.359,16.75,10.6875,7.25,,,,,,
45,216,172.9,76.8,179.02,28.1,0,25.359,16.75,10.6875,7.25,,,,,,
45,301,172.9,76.8,179.02,28.1,0,25.359,16.75,10.6875,7.25,,,,,,
45,302,172.9,76.8,179.02,28.1,0,25.359,16.75,10.6875,7.25,,,,,,
45,303,172.9,76.8,179.02,28.1,0,25.359,16.75,10.6875,7.25,,10.0,10.5,8.5,270.0,0.0
45,304,172.9,76.8,179.02,28.1,0,25.359,16.75,10.6875,7.25,,31.5,18.5,,45.0,0.0
45,305,172.9,76.8,179.02,28.1,0,25.359,16.75,10.6875,7.25,,,,,,
45,306,172.9,76.8,179.02,28.1,0,25.359,16.75,10.6875,7.25,,18.0,10.5,,315.0,0.0
45,307,172.9,76.8,179.02,28.1,0,25.359,16.75,10.6875,7.25,,22.0,26.5,7.4,90.0,0.0
45,308,172.9,76.8,179.02,28.1,0,25.359,16.75,10.6875,7.25,,,,,,
45,309,172.9,76.8,179.02,28.1,0,25.359,16.75,10.6875,7.25,,20.0,11.5,7.2,180.0,0.0
45,310,172.9,76.8,179.02,28.1,0,25.359,16.75,10.6875,7.25,,,,,,
45,311,172.9,76.8,179.02,28.1,0,25.359,16.75,10.6875,7.25,,,,,,
45,312,172.9,76.8,179.02,28.1,0,25.359,16.75,10.6875,7.25,,,,,,
45,313,172.9,76.8,179.02,28.1,0,25.359,16.75,10.6875,7.25,,16.0,33.5,10.7,0.0,0.0
45,314,172.9,76.8,179.02,28.1,0,25.359,16.75,10.6875,7.25,,15.5,9.5,,225.0,0.0
45,315,172.9,76.8,179.02,28.1,0,25.359,16.75,10.6875,7.25,,,,,,
45,316,172.9,76.8,179.02,28.1,0,25.359,16.75,10.6875,7.25,,14.5,14.5,,135.0,0.0
45,401,172.9,76.8,179.02,28.1,0,25.359,16.75,10.6875,7.25,,,,,,
45,402,172.9,76.8,179.02,28.1,0,25.359,16.75,10.6875,7.25,,23.5,16.5,,315.0,0.0
45,403,172.9,76.8,179.02,28.1,0,25.359,16.75,10.6875,7.25,,21.5,12.5,9.0,90.0,0.0
45,404,172.9,76.8,179.02,28.1,0,25.359,16.75,10.6875,7.25,,,,,,
45,405,172.9,76.8,179.02,28.1,0,25.359,16.75,10.6875,7.25,,108.0,45.5,21.9,180.0,0.0
45,406,172.9,76.8,179.02,28.1,0,25.359,16.75,10.6875,7.25,,22.0,11.0,6.0,270.0,0.0
45,407,172.9,76.8,179.02,28.1,0,25.359,16.75,10.6875,7.25,,,,,,
45,408,172.9,76.8,179.02,28.1,0,25.359,16.75,10.6875,7.25,,15.5,8.5,,135.0,0.0
45,409,172.9,76.8,179.02,28.1,0,25.359,16.75,10.6875,7.25,,,,,,
45,410,172.9,76.8,179.02,28.1,0,25.359,16.75,10.6875,7.25,,28.0,11.5,6.7,0.0,0.0
45,411,172.9,76.8,179.02,28.1,0,25.359,16.75,10.6875,7.25,,,,,,
45,412,172.9,76.8,179.02,28.1,0,25.359,16.75,10.6875,7.25,,14.5,9.5,,45.0,0.0
45,413,172.9,76.8,179.02,28.1,0,25.359,16.75,10.6875,7.25,,,,,,
45,414,172.9,76.8,179.02,28.1,0,25.359,16.75,10.6875,7.25,,,,,,
45,415,172.9,76.8,179.02,28.1,0,25.359,16.75,10.6875,7.25,,86.0,41.0,,225.0,0.0
45,416,172.9,76.8,179.02,28.1,0,25.359,16.75,10.6875,7.25,,,,,,
47,101,253.34,129.9,259.56,9.6,4,27.353,,,,,11.5,,,45.0,0.0
47,102,253.34,129.9,259.56,9.6,4,27.353,,,,,17.0,,4.7,90.0,0.0
47,103,253.34,129.9,259.56,9.6,4,27.353,,,,,,,,,
47,104,253.34,129.9,259.56,9.6,4,27.353,,,,,,,,,
47,105,253.34,129.9,259.56,9.6,4,27.353,,,,,,,,,
47,106,253.34,129.9,259.56,9.6,4,27.353,,,,,,,,,
47,107,253.34,129.9,259.56,9.6,4,27.353,,,,,,,,,
47,108,253.34,129.9,259.56,9.6,4,27.353,,,,,32.5,,3.9,180.0,0.0
47,109,253.34,129.9,259.56,9.6,4,27.353,,,,,10.0,,4.5,0.0,0.0
47,110,253.34,129.9,259.56,9.6,4,27.353,,,,,18.5,,,135.0,0.0
47,111,253.34,129.9,259.56,9.6,4,27.353,,,,,,,,,
47,112,253.34,129.9,259.56,9.6,4,27.353,,,,,,,,,
47,113,253.34,129.9,259.56,9.6,4,27.353,,,,,,,,,
47,114,253.34,129.9,259.56,9.6,4,27.353,,,,,31.0,,,225.0,0.0
47,115,253.34,129.9,259.56,9.6,4,27.353,,,,,33.0,,2.9,270.0,0.0
47,116,253.34,129.9,259.56,9.6,4,27.353,,,,,34.5,,,315.0,0.0
47,201,253.34,129.9,259.56,9.6,4,27.353,,,,,27.5,,6.7,180.0,0.0
47,202,253.34,129.9,259.56,9.6,4,27.353,,,,,,,,,
47,203,253.34,129.9,259.56,9.6,4,27.353,,,,,28.0,,3.9,270.0,0.0
47,204,253.34,129.9,259.56,9.6,4,27.353,,,,,,,,,
47,205,253.34,129.9,259.56,9.6,4,27.353,,,,,7.5,,3.1,0.0,0.0
47,206,253.34,129.9,259.56,9.6,4,27.353,,,,,,,,,
47,207,253.34,129.9,259.56,9.6,4,27.353,,,,,,,,,
47,208,253.34,129.9,259.56,9.6,4,27.353,,,,,15.5,,4.1,90.0,0.0
47,209,253.34,129.9,259.56,9.6,4,27.353,,,,,17.5,,,135.0,0.0
47,210,253.34,129.9,259.56,9.6,4,27.353,,,,,,,,,
47,211,253.34,129.9,259.56,9.6,4,27.353,,,,,,,,,
47,212,253.34,129.9,259.56,9.6,4,27.353,,,,,55.5,,,315.0,0.0
47,213,253.34,129.9,259.56,9.6,4,27.353,,,,,11.0,,,45.0,0.0
47,214,253.34,129.9,259.56,9.6,4,27.353,,,,,,,,,
47,215,253.34,129.9,259.56,9.6,4,27.353,,,,,26.0,,,225.0,0.0
47,216,253.34,129.9,259.56,9.6,4,27.353,,,,,,,,,
47,301,253.34,129.9,259.56,9.6,4,27.353,,,,,9.0,,4.2,0.0,0.0
47,302,253.34,129.9,259.56,9.6,4,27.353,,,,,,,,,
47,303,253.34,129.9,259.56,9.6,4,27.353,,,,,,,,,
47,304,253.34,129.9,259.56,9.6,4,27.353,,,,,,,,,
47,305,253.34,129.9,259.56,9.6,4,27.353,,,,,28.5,,,225.0,0.0
47,306,253.34,129.9,259.56,9.6,4,27.353,,,,,,,,,
47,307,253.34,129.9,259.56,9.6,4,27.353,,,,,14.0,,4.1,90.0,0.0
47,308,253.34,129.9,259.56,9.6,4,27.353,,,,,,,,,
47,309,253.34,129.9,259.56,9.6,4,27.353,,,,,,,,,
47,310,253.34,129.9,259.56,9.6,4,27.353,,,,,15.0,,4.1,180.0,0.0
47,311,253.34,129.9,259.56,9.6,4,27.353,,,,,50.5,,5.5,270.0,0.0
47,312,253.34,129.9,259.56,9.6,4,27.353,,,,,16.5,,,135.0,0.0
47,313,253.34,129.9,259.56,9.6,4,27.353,,,,,,,,,
47,314,253.34,129.9,259.56,9.6,4,27.353,,,,,,,,,
47,315,253.34,129.9,259.56,9.6,4,27.353,,,,,20.5,,,315.0,0.0
47,316,253.34,129.9,259.56,9.6,4,27.353,,,,,12.0,,,45.0,0.0
47,401,253.34,129.9,259.56,9.6,4,27.353,,,,,17.5,,,135.0,0.0
47,402,253.34,129.9,259.56,9.6,4,27.353,,,,,,,,,
47,403,253.34,129.9,259.56,9.6,4,27.353,,,,,,,,,
47,404,253.34,129.9,259.56,9.6,4,27.353,,,,,,,,,
47,405,253.34,129.9,259.56,9.6,4,27.353,,,,,22.0,,3.8,270.0,0.0
47,406,253.34,129.9,259.56,9.6,4,27.353,,,,,,,,,
47,407,253.34,129.9,259.56,9.6,4,27.353,,,,,18.0,,4.6,180.0,0.0
47,408,253.34,129.9,259.56,9.6,4,27.353,,,,,,,,,
47,409,253.34,129.9,259.56,9.6,4,27.353,,,,,,,,,
47,410,253.34,129.9,259.56,9.6,4,27.353,,,,,10.0,,,45.0,0.0
47,411,253.34,129.9,259.56,9.6,4,27.353,,,,,45.0,,,315.0,0.0
47,412,253.34,129.9,259.56,9.6,4,27.353,,,,,9.5,,4.2,0.0,0.0
47,413,253.34,129.9,259.56,9.6,4,27.353,,,,,,,,,
47,414,253.34,129.9,259.56,9.6,4,27.353,,,,,15.0,,4.5,90.0,0.0
47,415,253.34,129.9,259.56,9.6,4,27.353,,,,,40.5,,,225.0,0.0
47,416,253.34,129.9,259.56,9.6,4,27.353,,,,,,,,,
49,101,63.6,76.9,161.58,22.6,0,25.75,8.625,4.375,3.25,6.75,24.0,14.0,,45.0,0.0
49,102,63.6,76.9,161.58,22.6,0,25.75,8.625,4.375,3.25,6.75,62.5,15.5,2.8,90.0,0.0
49,103,63.6,76.9,161.58,22.6,0,25.75,8.625,4.375,3.25,6.75,,,,,
49,104,63.6,76.9,161.58,22.6,0,25.75,8.625,4.375,3.25,6.75,,,,,
49,105,63.6,76.9,161.58,22.6,0,25.75,8.625,4.375,3.25,6.75,,,,,
49,106,63.6,76.9,161.58,22.6,0,25.75,8.625,4.375,3.25,6.75,,,,,
49,107,63.6,76.9,161.58,22.6,0,25.75,8.625,4.375,3.25,6.75,,,,,
49,108,63.6,76.9,161.58,22.6,0,25.75,8.625,4.375,3.25,6.75,108.0,38.0,5.3,180.0,0.0
49,109,63.6,76.9,161.58,22.6,0,25.75,8.625,4.375,3.25,6.75,25.5,13.0,3.2,0.0,0.0
49,110,63.6,76.9,161.58,22.6,0,25.75,8.625,4.375,3.25,6.75,78.0,28.0,,135.0,0.0
49,111,63.6,76.9,161.58,22.6,0,25.75,8.625,4.375,3.25,6.75,,,,,
49,112,63.6,76.9,161.58,22.6,0,25.75,8.625,4.375,3.25,6.75,,,,,
49,113,63.6,76.9,161.58,22.6,0,25.75,8.625,4.375,3.25,6.75,,,,,
49,114,63.6,76.9,161.58,22.6,0,25.75,8.625,4.375,3.25,6.75,38.5,17.5,,225.0,0.0
49,115,63.6,76.9,161.58,22.6,0,25.75,8.625,4.375,3.25,6.75,59.0,33.0,4.7,270.0,0.0
49,116,63.6,76.9,161.58,22.6,0,25.75,8.625,4.375,3.25,6.75,84.0,49.5,,315.0,0.0
49,201,63.6,76.9,161.58,22.6,0,25.75,8.625,4.375,3.25,6.75,66.0,24.5,3.8,180.0,0.0
49,202,63.6,76.9,161.58,22.6,0,25.75,8.625,4.375,3.25,6.75,,,,,
49,203,63.6,76.9,161.58,22.6,0,25.75,8.625,4.375,3.25,6.75,112.0,53.5,10.8,270.0,0.0
49,204,63.6,76.9,161.58,22.6,0,25.75,8.625,4.375,3.25,6.75,,,,,
49,205,63.6,76.9,161.58,22.6,0,25.75,8.625,4.375,3.25,6.75,21.0,12.0,2.4,0.0,0.0
49,206,63.6,76.9,161.58,22.6,0,25.75,8.625,4.375,3.25,6.75,,,,,
49,207,63.6,76.9,161.58,22.6,0,25.75,8.625,4.375,3.25,6.75,,,,,
49,208,63.6,76.9,161.58,22.6,0,25.75,8.625,4.375,3.25,6.75,41.5,24.0,2.6,90.0,0.0
49,209,63.6,76.9,161.58,22.6,0,25.75,8.625,4.375,3.25,6.75,56.0,23.5,,135.0,0.0
49,210,63.6,76.9,161.58,22.6,0,25.75,8.625,4.375,3.25,6.75,,,,,
49,211,63.6,76.9,161.58,22.6,0,25.75,8.625,4.375,3.25,6.75,,,,,
49,212,63.6,76.9,161.58,22.6,0,25.75,8.625,4.375,3.25,6.75,80.0,44.5,,315.0,0.0
49,213,63.6,76.9,161.58,22.6,0,25.75,8.625,4.375,3.25,6.75,22.0,10.5,,45.0,0.0
49,214,63.6,76.9,161.58,22.6,0,25.75,8.625,4.375,3.25,6.75,,,,,
49,215,63.6,76.9,161.58,22.6,0,25.75,8.625,4.375,3.25,6.75,55.0,30.0,,225.0,0.0
49,216,63.6,76.9,161.58,22.6,0,25.75,8.625,4.375,3.25,6.75,,,,,
49,301,63.6,76.9,161.58,22.6,0,25.75,8.625,4.375,3.25,6.75,31.5,13.0,3.3,0.0,0.0
49,302,63.6,76.9,161.58,22.6,0,25.75,8.625,4.375,3.25,6.75,,,,,
49,303,63.6,76.9,161.58,22.6,0,25.75,8.625,4.375,3.25,6.75,,,,,
49,304,63.6,76.9,161.58,22.6,0,25.75,8.625,4.375,3.25,6.75,,,,,
49,305,63.6,76.9,161.58,22.6,0,25.75,8.625,4.375,3.25,6.75,92.0,43.0,,225.0,0.0
49,306,63.6,76.9,161.58,22.6,0,25.75,8.625,4.375,3.25,6.75,,,,,
49,307,63.6,76.9,161.58,22.6,0,25.75,8.625,4.375,3.25,6.75,36.0,10.5,2.4,90.0,0.0
49,308,63.6,76.9,161.58,22.6,0,25.75,8.625,4.375,3.25,6.75,,,,,
49,309,63.6,76.9,161.58,22.6,0,25.75,8.625,4.375,3.25,6.75,,,,,
49,310,63.6,76.9,161.58,22.6,0,25.75,8.625,4.375,3.25,6.75,46.0,22.0,2.7,180.0,0.0
49,311,63.6,76.9,161.58,22.6,0,25.75,8.625,4.375,3.25,6.75,,,26.3,270.0,0.0
49,312,63.6,76.9,161.58,22.6,0,25.75,8.625,4.375,3.25,6.75,42.0,23.0,,135.0,0.0
49,313,63.6,76.9,161.58,22.6,0,25.75,8.625,4.375,3.25,6.75,,,,,
49,314,63.6,76.9,161.58,22.6,0,25.75,8.625,4.375,3.25,6.75,,,,,
49,315,63.6,76.9,161.58,22.6,0,25.75,8.625,4.375,3.25,6.75,70.0,33.0,,315.0,0.0
49,316,63.6,76.9,161.58,22.6,0,25.75,8.625,4.375,3.25,6.75,38.0,20.5,,45.0,0.0
49,401,63.6,76.9,161.58,22.6,0,25.75,8.625,4.375,3.25,6.75,76.0,29.5,,135.0,0.0
49,402,63.6,76.9,161.58,22.6,0,25.75,8.625,4.375,3.25,6.75,,,,,
49,403,63.6,76.9,161.58,22.6,0,25.75,8.625,4.375,3.25,6.75,,,,,
49,404,63.6,76.9,161.58,22.6,0,25.75,8.625,4.375,3.25,6.75,,,,,
49,405,63.6,76.9,161.58,22.6,0,25.75,8.625,4.375,3.25,6.75,116.0,36.0,4.3,270.0,0.0
49,406,63.6,76.9,161.58,22.6,0,25.75,8.625,4.375,3.25,6.75,,,,,
49,407,63.6,76.9,161.58,22.6,0,25.75,8.625,4.375,3.25,6.75,52.5,24.0,3.4,180.0,0.0
49,408,63.6,76.9,161.58,22.6,0,25.75,8.625,4.375,3.25,6.75,,,,,
49,409,63.6,76.9,161.58,22.6,0,25.75,8.625,4.375,3.25,6.75,,,,,
49,410,63.6,76.9,161.58,22.6,0,25.75,8.625,4.375,3.25,6.75,32.5,16.0,,45.0,0.0
49,411,63.6,76.9,161.58,22.6,0,25.75,8.625,4.375,3.25,6.75,92.0,42.0,,315.0,0.0
49,412,63.6,76.9,161.58,22.6,0,25.75,8.625,4.375,3.25,6.75,13.5,9.0,2.3,0.0,0.0
49,413,63.6,76.9,161.58,22.6,0,25.75,8.625,4.375,3.25,6.75,,,,,
49,414,63.6,76.9,161.58,22.6,0,25.75,8.625,4.375,3.25,6.75,25.0,11.0,2.3,90.0,0.0
49,415,63.6,76.9,161.58,22.6,0,25.75,8.625,4.375,3.25,6.75,58.5,25.0,,225.0,0.0
49,416,63.6,76.9,161.58,22.6,0,25.75,8.625,4.375,3.25,6.75,,,,,
