trial,year,state,site,plot_id,block,n_trt,plant_n,side_n,vt_tiss_n,vt_biomass_kgha,nni
33,2016,IA,Crawford,101,1,2,40,0,1.57,12010.4,1.1569
33,2016,IA,Crawford,102,1,3,80,0,1.25,13238.8,0.9558
33,2016,IA,Crawford,103,1,9,40,40,1.42,11464.5,1.0281
33,2016,IA,Crawford,104,1,14,40,240,1.48,13989.4,1.1557
33,2016,IA,Crawford,105,1,16,80,160,1.38,17196.8,1.1655
33,2016,IA,Crawford,106,1,13,40,200,1.42,14330.6,1.119
33,2016,IA,Crawford,107,1,10,40,80,1.58,17196.8,1.3344
33,2016,IA,Crawford,108,1,5,160,0,1.53,14740.1,1.2187
33,2016,IA,Crawford,109,1,1,0,0,0.96,8393.7,0.6174
33,2016,IA,Crawford,110,1,4,120,0,1.57,13580.0,1.2122
33,2016,IA,Crawford,111,1,12,40,160,1.47,12283.4,1.0925
33,2016,IA,Crawford,112,1,11,40,120,1.42,13511.7,1.0943
33,2016,IA,Crawford,113,1,15,80,80,1.65,13580.0,1.274
33,2016,IA,Crawford,114,1,6,200,0,1.67,13852.9,1.2992
33,2016,IA,Crawford,115,1,7,240,0,1.59,14603.6,1.262
33,2016,IA,Crawford,116,1,8,280,0,1.57,19994.6,1.4042
33,2016,IA,Crawford,201,2,5,160,0,1.4,12751.4,1.0554
33,2016,IA,Crawford,202,2,16,80,160,1.43,13992.0,1.1167
33,2016,IA,Crawford,203,2,7,240,0,1.67,14750.2,1.3306
33,2016,IA,Crawford,204,2,11,40,120,1.47,13233.8,1.1239
33,2016,IA,Crawford,205,2,1,0,0,0.8,11717.5,0.584
33,2016,IA,Crawford,206,2,12,40,160,1.54,12337.8,1.1465
33,2016,IA,Crawford,207,2,9,40,40,1.44,13647.4,1.1139
33,2016,IA,Crawford,208,2,3,80,0,1.38,14405.6,1.0897
33,2016,IA,Crawford,209,2,4,120,0,1.49,16266.6,1.2321
33,2016,IA,Crawford,210,2,10,40,80,1.48,17093.7,1.2471
33,2016,IA,Crawford,211,2,15,80,80,1.48,12889.2,1.1203
33,2016,IA,Crawford,212,2,8,280,0,1.62,13785.3,1.258
33,2016,IA,Crawford,213,2,2,40,0,1.24,16749.1,1.0368
33,2016,IA,Crawford,214,2,13,40,200,1.6,18196.5,1.3807
33,2016,IA,Crawford,215,2,6,200,0,1.35,17851.9,1.1565
33,2016,IA,Crawford,216,2,14,40,240,1.59,15715.2,1.2977
33,2016,IA,Crawford,301,3,1,0,0,0.84,10045.8,0.5784
33,2016,IA,Crawford,302,3,9,40,40,1.18,13096.8,0.8986
33,2016,IA,Crawford,303,3,12,40,160,1.36,15478.0,1.1036
33,2016,IA,Crawford,304,3,14,40,240,1.44,16073.3,1.1854
33,2016,IA,Crawford,305,3,6,200,0,1.46,13617.7,1.1285
33,2016,IA,Crawford,306,3,13,40,200,1.45,12948.0,1.0995
33,2016,IA,Crawford,307,3,3,80,0,1.42,16891.9,1.1912
33,2016,IA,Crawford,308,3,16,80,160,1.51,14287.4,1.1886
33,2016,IA,Crawford,309,3,11,40,120,1.43,17412.8,1.2135
33,2016,IA,Crawford,310,3,5,160,0,1.59,14287.4,1.2516
33,2016,IA,Crawford,311,3,7,240,0,1.51,17040.7,1.2709
33,2016,IA,Crawford,312,3,4,120,0,1.36,13468.9,1.0468
33,2016,IA,Crawford,313,3,15,80,80,1.43,16445.4,1.1874
33,2016,IA,Crawford,314,3,10,40,80,1.5,15701.3,1.2238
33,2016,IA,Crawford,315,3,8,280,0,1.71,18380.2,1.4812
33,2016,IA,Crawford,316,3,2,40,0,1.08,18305.7,0.9341
33,2016,IA,Crawford,401,4,4,120,0,1.47,14615.9,1.1671
33,2016,IA,Crawford,402,4,16,80,160,1.54,12330.0,1.1462
33,2016,IA,Crawford,403,4,9,40,40,1.11,12122.2,0.8208
33,2016,IA,Crawford,404,4,15,80,80,1.28,13715.4,0.992
33,2016,IA,Crawford,405,4,7,240,0,1.16,14200.3,0.911
33,2016,IA,Crawford,406,4,10,40,80,1.25,12607.1,0.9382
33,2016,IA,Crawford,407,4,5,160,0,1.66,15031.6,1.3321
33,2016,IA,Crawford,408,4,12,40,160,1.48,16070.6,1.2182
33,2016,IA,Crawford,409,4,13,40,200,1.4,11914.4,1.0285
33,2016,IA,Crawford,410,4,2,40,0,1.09,14131.0,0.8544
33,2016,IA,Crawford,411,4,8,280,0,1.51,14615.9,1.1989
33,2016,IA,Crawford,412,4,1,0,0,0.77,10736.8,0.5437
33,2016,IA,Crawford,413,4,11,40,120,1.53,15655.0,1.2469
33,2016,IA,Crawford,414,4,3,80,0,1.42,12399.3,1.0591
33,2016,IA,Crawford,415,4,6,200,0,1.57,16070.6,1.2923
33,2016,IA,Crawford,416,4,14,40,240,1.57,15793.5,1.2838
34,2016,IA,Story,101,1,2,40,0,1.16,15056.9,0.9315
34,2016,IA,Story,102,1,3,80,0,1.61,19928.3,1.4381
34,2016,IA,Story,103,1,9,40,40,1.31,12526.4,0.9809
34,2016,IA,Story,104,1,14,40,240,1.37,10229.9,0.9498
34,2016,IA,Story,105,1,16,80,160,1.56,14306.2,1.2286
34,2016,IA,Story,106,1,13,40,200,1.44,11758.8,1.0526
34,2016,IA,Story,107,1,10,40,80,1.38,10999.6,0.9835
34,2016,IA,Story,108,1,5,160,0,1.51,11636.5,1.0994
34,2016,IA,Story,109,1,1,0,0,0.99,10755.0,0.6996
34,2016,IA,Story,110,1,4,120,0,1.65,16910.6,1.3847
34,2016,IA,Story,111,1,12,40,160,1.28,13989.9,0.9995
34,2016,IA,Story,112,1,11,40,120,1.45,11113.5,1.0374
34,2016,IA,Story,113,1,15,80,80,1.27,10375.4,0.8852
34,2016,IA,Story,114,1,6,200,0,1.79,13428.9,1.3762
34,2016,IA,Story,115,1,7,240,0,1.9,12652.9,1.4281
34,2016,IA,Story,116,1,8,280,0,1.67,16433.6,1.3863
34,2016,IA,Story,201,2,5,160,0,1.46,10468.2,1.0211
34,2016,IA,Story,202,2,16,80,160,1.56,10229.9,1.0816
34,2016,IA,Story,203,2,7,240,0,1.64,16533.1,1.3646
34,2016,IA,Story,204,2,11,40,120,1.4,10333.2,0.9743
34,2016,IA,Story,205,2,1,0,0,0.98,8793.8,0.6415
34,2016,IA,Story,206,2,12,40,160,1.34,14614.1,1.0639
34,2016,IA,Story,207,2,9,40,40,1.44,13709.4,1.1158
34,2016,IA,Story,208,2,3,80,0,1.24,12830.0,0.937
34,2016,IA,Story,209,2,4,120,0,1.52,10628.4,1.0692
34,2016,IA,Story,210,2,10,40,80,1.25,10038.0,0.8604
34,2016,IA,Story,211,2,15,80,80,1.34,11048.1,0.9566
34,2016,IA,Story,212,2,8,280,0,1.68,13264.5,1.2856
34,2016,IA,Story,213,2,2,40,0,1.22,8962.5,0.8044
34,2016,IA,Story,214,2,13,40,200,1.25,14340.0,0.9853
34,2016,IA,Story,215,2,6,200,0,1.69,12695.1,1.2719
34,2016,IA,Story,216,2,14,40,240,1.5,12547.5,1.1239
34,2016,IA,Story,301,3,1,0,0,0.98,7958.7,0.6176
34,2016,IA,Story,302,3,9,40,40,1.1,9822.9,0.751
34,2016,IA,Story,303,3,12,40,160,1.54,8072.5,0.9758
34,2016,IA,Story,304,3,14,40,240,1.47,8570.2,0.9529
34,2016,IA,Story,305,3,6,200,0,1.61,12420.9,1.2017
34,2016,IA,Story,306,3,13,40,200,1.33,10577.8,0.9339
34,2016,IA,Story,307,3,3,80,0,1.29,10248.8,0.895
34,2016,IA,Story,308,3,16,80,160,1.45,9046.8,0.9594
34,2016,IA,Story,309,3,11,40,120,1.39,9852.4,0.95
34,2016,IA,Story,310,3,5,160,0,1.71,11902.2,1.2558
34,2016,IA,Story,311,3,7,240,0,2.04,12178.4,1.5112
34,2016,IA,Story,312,3,4,120,0,1.49,11041.8,1.0634
34,2016,IA,Story,313,3,15,80,80,1.59,10717.0,1.122
34,2016,IA,Story,314,3,10,40,80,1.42,9668.9,0.9636
34,2016,IA,Story,315,3,8,280,0,1.66,11809.4,1.2154
34,2016,IA,Story,316,3,2,40,0,1.08,7528.5,0.6664
34,2016,IA,Story,401,4,4,120,0,1.37,12404.1,1.022
34,2016,IA,Story,402,4,16,80,160,1.55,11134.6,1.1098
34,2016,IA,Story,403,4,9,40,40,1.39,9312.5,0.9299
34,2016,IA,Story,404,4,15,80,80,1.54,10647.4,1.084
34,2016,IA,Story,405,4,7,240,0,1.75,11606.9,1.2729
34,2016,IA,Story,406,4,10,40,80,1.24,10970.1,0.8828
34,2016,IA,Story,407,4,5,160,0,1.75,11809.4,1.2813
34,2016,IA,Story,408,4,12,40,160,1.8,11687.1,1.3127
34,2016,IA,Story,409,4,13,40,200,1.54,11366.5,1.1113
34,2016,IA,Story,410,4,2,40,0,1.33,9110.1,0.8824
34,2016,IA,Story,411,4,8,280,0,1.91,10329.0,1.3291
34,2016,IA,Story,412,4,1,0,0,0.76,7241.7,0.4621
34,2016,IA,Story,413,4,11,40,120,1.4,9582.5,0.9468
34,2016,IA,Story,414,4,3,80,0,1.31,10702.2,0.9239
34,2016,IA,Story,415,4,6,200,0,1.63,10577.8,1.1445
34,2016,IA,Story,416,4,14,40,240,1.77,9995.8,1.2164
35,2016,IL,Shumway,101,1,2,40,0,1.67,6077.0,0.9499
35,2016,IL,Shumway,102,1,3,80,0,1.75,6923.6,1.046
35,2016,IL,Shumway,103,1,9,40,40,1.75,7691.8,1.0887
35,2016,IL,Shumway,104,1,14,40,240,1.89,6002.1,1.07
35,2016,IL,Shumway,105,1,16,80,160,1.79,8146.2,1.1381
35,2016,IL,Shumway,106,1,13,40,200,1.98,6852.3,1.1788
35,2016,IL,Shumway,107,1,10,40,80,1.7,9088.0,1.1268
35,2016,IL,Shumway,108,1,5,160,0,1.68,9349.2,1.1256
35,2016,IL,Shumway,109,1,1,0,0,1.36,6954.2,0.8143
35,2016,IL,Shumway,110,1,4,120,0,1.59,8050.1,1.0064
35,2016,IL,Shumway,111,1,12,40,160,2.16,7581.3,1.3364
35,2016,IL,Shumway,112,1,11,40,120,1.91,7967.1,1.2042
35,2016,IL,Shumway,113,1,15,80,80,1.93,7481.7,1.1881
35,2016,IL,Shumway,114,1,6,200,0,1.59,7442.1,0.9768
35,2016,IL,Shumway,115,1,7,240,0,1.63,8926.6,1.0731
35,2016,IL,Shumway,116,1,8,280,0,2.0,10508.6,1.4008
35,2016,IL,Shumway,201,2,5,160,0,1.89,9906.4,1.2944
35,2016,IL,Shumway,202,2,16,80,160,1.78,7106.3,1.0745
35,2016,IL,Shumway,203,2,7,240,0,2.03,8250.5,1.297
35,2016,IL,Shumway,204,2,11,40,120,1.9,7164.1,1.1505
35,2016,IL,Shumway,205,2,1,0,0,1.22,6006.6,0.6909
35,2016,IL,Shumway,206,2,12,40,160,1.65,7440.8,1.0136
35,2016,IL,Shumway,207,2,9,40,40,1.77,9082.2,1.1729
35,2016,IL,Shumway,208,2,3,80,0,1.73,7652.5,1.0742
35,2016,IL,Shumway,209,2,4,120,0,1.72,6766.7,1.0192
35,2016,IL,Shumway,210,2,10,40,80,1.94,6527.0,1.1339
35,2016,IL,Shumway,211,2,15,80,80,1.86,7795.7,1.163
35,2016,IL,Shumway,212,2,8,280,0,2.13,9578.8,1.4403
35,2016,IL,Shumway,213,2,2,40,0,1.29,5747.3,0.7184
35,2016,IL,Shumway,214,2,13,40,200,1.83,6758.6,1.0839
35,2016,IL,Shumway,215,2,6,200,0,1.84,9533.0,1.2419
35,2016,IL,Shumway,216,2,14,40,240,1.75,8268.2,1.119
35,2016,IL,Shumway,301,3,1,0,0,1.6,6031.7,0.9075
35,2016,IL,Shumway,302,3,9,40,40,1.87,6650.7,1.1008
35,2016,IL,Shumway,303,3,12,40,160,2.18,5945.0,1.2297
35,2016,IL,Shumway,304,3,14,40,240,2.36,7889.6,1.4824
35,2016,IL,Shumway,305,3,6,200,0,2.4,8317.5,1.5381
35,2016,IL,Shumway,306,3,13,40,200,1.87,5207.3,1.0031
35,2016,IL,Shumway,307,3,3,80,0,1.62,7386.6,0.9924
35,2016,IL,Shumway,308,3,16,80,160,1.66,9324.3,1.1111
35,2016,IL,Shumway,309,3,11,40,120,1.93,5122.3,1.0288
35,2016,IL,Shumway,310,3,5,160,0,1.89,9642.0,1.2812
35,2016,IL,Shumway,311,3,7,240,0,2.07,9754.1,1.4094
35,2016,IL,Shumway,312,3,4,120,0,2.01,7403.1,1.2324
35,2016,IL,Shumway,313,3,15,80,80,1.73,7892.2,1.0868
35,2016,IL,Shumway,314,3,10,40,80,1.97,6544.9,1.1526
35,2016,IL,Shumway,315,3,8,280,0,1.96,7854.2,1.229
35,2016,IL,Shumway,316,3,2,40,0,1.83,8068.3,1.1593
35,2016,IL,Shumway,401,4,4,120,0,1.75,7641.3,1.086
35,2016,IL,Shumway,402,4,16,80,160,1.84,6553.5,1.0771
35,2016,IL,Shumway,403,4,9,40,40,1.82,6306.7,1.05
35,2016,IL,Shumway,404,4,15,80,80,1.81,7284.3,1.103
35,2016,IL,Shumway,405,4,7,240,0,2.15,8847.8,1.4106
35,2016,IL,Shumway,406,4,10,40,80,1.98,7291.3,1.207
35,2016,IL,Shumway,407,4,5,160,0,1.73,9115.1,1.148
35,2016,IL,Shumway,408,4,12,40,160,1.9,7122.8,1.148
35,2016,IL,Shumway,409,4,13,40,200,1.75,7053.3,1.0534
35,2016,IL,Shumway,410,4,2,40,0,1.01,8658.5,0.6572
35,2016,IL,Shumway,411,4,8,280,0,2.32,9072.9,1.5368
35,2016,IL,Shumway,412,4,1,0,0,1.16,5498.3,0.6352
35,2016,IL,Shumway,413,4,11,40,120,2.02,8002.9,1.2757
35,2016,IL,Shumway,414,4,3,80,0,1.44,7905.8,0.9052
35,2016,IL,Shumway,415,4,6,200,0,2.04,9331.7,1.3658
35,2016,IL,Shumway,416,4,14,40,240,1.59,7371.3,0.9733
36,2016,IL,Urbana,101,1,2,40,0,1.66,8653.8,1.08
36,2016,IL,Urbana,102,1,3,80,0,2.11,9596.6,1.4278
36,2016,IL,Urbana,103,1,9,40,40,2.09,9144.0,1.3885
36,2016,IL,Urbana,104,1,14,40,240,2.08,8753.4,1.3591
36,2016,IL,Urbana,105,1,16,80,160,2.36,12106.6,1.7444
36,2016,IL,Urbana,106,1,13,40,200,2.18,10202.8,1.5099
36,2016,IL,Urbana,107,1,10,40,80,2.35,11431.5,1.6995
36,2016,IL,Urbana,108,1,5,160,0,2.2,11633.9,1.6017
36,2016,IL,Urbana,109,1,1,0,0,1.35,7899.4,0.8484
36,2016,IL,Urbana,110,1,4,120,0,2.08,9813.4,1.4195
36,2016,IL,Urbana,111,1,12,40,160,2.36,11746.0,1.7244
36,2016,IL,Urbana,112,1,11,40,120,2.11,8679.1,1.3743
36,2016,IL,Urbana,113,1,15,80,80,2.23,10097.7,1.5385
36,2016,IL,Urbana,114,1,6,200,0,2.6,8898.5,1.7096
36,2016,IL,Urbana,115,1,7,240,0,2.57,9950.7,1.7632
36,2016,IL,Urbana,116,1,8,280,0,2.59,10916.9,1.8406
36,2016,IL,Urbana,201,2,5,160,0,2.01,9673.1,1.3642
36,2016,IL,Urbana,202,2,16,80,160,2.57,9654.2,1.743
36,2016,IL,Urbana,203,2,7,240,0,2.48,9088.4,1.6438
36,2016,IL,Urbana,204,2,11,40,120,2.41,10379.5,1.6801
36,2016,IL,Urbana,205,2,1,0,0,1.47,8933.2,0.968
36,2016,IL,Urbana,206,2,12,40,160,2.4,9812.0,1.6378
36,2016,IL,Urbana,207,2,9,40,40,1.63,8881.0,1.071
36,2016,IL,Urbana,208,2,3,80,0,1.81,9995.5,1.2439
36,2016,IL,Urbana,209,2,4,120,0,2.01,10996.2,1.4323
36,2016,IL,Urbana,210,2,10,40,80,2.24,10726.3,1.5812
36,2016,IL,Urbana,211,2,15,80,80,2.13,8483.4,1.3753
36,2016,IL,Urbana,212,2,8,280,0,2.59,10344.4,1.8033
36,2016,IL,Urbana,213,2,2,40,0,1.47,9737.9,1.0003
36,2016,IL,Urbana,214,2,13,40,200,2.61,8962.6,1.7208
36,2016,IL,Urbana,215,2,6,200,0,2.29,10409.1,1.5982
36,2016,IL,Urbana,216,2,14,40,240,2.24,9904.6,1.5341
36,2016,IL,Urbana,301,3,1,0,0,1.47,7043.3,0.8844
36,2016,IL,Urbana,302,3,9,40,40,1.55,8987.1,1.023
36,2016,IL,Urbana,303,3,12,40,160,2.14,10392.4,1.4926
36,2016,IL,Urbana,304,3,14,40,240,2.12,9608.0,1.4352
36,2016,IL,Urbana,305,3,6,200,0,2.17,10676.2,1.5291
36,2016,IL,Urbana,306,3,13,40,200,2.07,10219.9,1.4346
36,2016,IL,Urbana,307,3,3,80,0,1.85,9511.6,1.2476
36,2016,IL,Urbana,308,3,16,80,160,2.15,12395.9,1.6035
36,2016,IL,Urbana,309,3,11,40,120,2.59,10797.5,1.8329
36,2016,IL,Urbana,310,3,5,160,0,2.53,9647.2,1.7154
36,2016,IL,Urbana,311,3,7,240,0,2.42,8884.0,1.5902
36,2016,IL,Urbana,312,3,4,120,0,2.22,8680.6,1.446
36,2016,IL,Urbana,313,3,15,80,80,2.39,9694.4,1.6235
36,2016,IL,Urbana,314,3,10,40,80,2.11,8967.5,1.3915
36,2016,IL,Urbana,315,3,8,280,0,2.62,9855.2,1.7909
36,2016,IL,Urbana,316,3,2,40,0,2.1,9264.5,1.4021
36,2016,IL,Urbana,401,4,4,120,0,2.32,10880.0,1.6466
36,2016,IL,Urbana,402,4,16,80,160,2.67,11042.0,1.9057
36,2016,IL,Urbana,403,4,9,40,40,1.78,8897.2,1.1703
36,2016,IL,Urbana,404,4,15,80,80,2.31,9392.2,1.5504
36,2016,IL,Urbana,405,4,7,240,0,2.44,8933.5,1.6068
36,2016,IL,Urbana,406,4,10,40,80,2.24,10146.8,1.5482
36,2016,IL,Urbana,407,4,5,160,0,2.27,10145.3,1.5688
36,2016,IL,Urbana,408,4,12,40,160,2.21,8937.6,1.4556
36,2016,IL,Urbana,409,4,13,40,200,2.45,8421.9,1.5776
36,2016,IL,Urbana,410,4,2,40,0,1.76,8384.4,1.1314
36,2016,IL,Urbana,411,4,8,280,0,2.39,9326.8,1.5998
36,2016,IL,Urbana,412,4,1,0,0,1.71,7521.5,1.0548
36,2016,IL,Urbana,413,4,11,40,120,2.03,10340.4,1.4132
36,2016,IL,Urbana,414,4,3,80,0,2.28,10220.9,1.5802
36,2016,IL,Urbana,415,4,6,200,0,2.36,9488.4,1.5901
36,2016,IL,Urbana,416,4,14,40,240,2.36,11389.5,1.7043
37,2016,IN,Loam,101,1,2,40,0,1.33,10190.4,0.9207
37,2016,IN,Loam,102,1,3,80,0,1.35,11416.0,0.9758
37,2016,IN,Loam,103,1,9,40,40,1.2,9321.5,0.8031
37,2016,IN,Loam,104,1,14,40,240,1.49,11897.6,1.094
37,2016,IN,Loam,105,1,16,80,160,1.47,12654.0,1.1049
37,2016,IN,Loam,106,1,13,40,200,1.54,13551.3,1.1881
37,2016,IN,Loam,107,1,10,40,80,1.45,10684.2,1.022
37,2016,IN,Loam,108,1,5,160,0,1.37,11864.0,1.0049
37,2016,IN,Loam,109,1,1,0,0,0.83,7504.9,0.5115
37,2016,IN,Loam,110,1,4,120,0,1.32,11343.9,0.9518
37,2016,IN,Loam,111,1,12,40,160,1.33,9867.0,0.9095
37,2016,IN,Loam,112,1,11,40,120,1.39,9569.1,0.9396
37,2016,IN,Loam,113,1,15,80,80,1.38,9702.9,0.9377
37,2016,IN,Loam,114,1,6,200,0,1.44,14169.8,1.1299
37,2016,IN,Loam,115,1,7,240,0,1.48,11779.6,1.0826
37,2016,IN,Loam,116,1,8,280,0,1.56,13219.3,1.1922
37,2016,IN,Loam,201,2,5,160,0,1.46,14747.4,1.1632
37,2016,IN,Loam,202,2,16,80,160,1.61,11940.5,1.1838
37,2016,IN,Loam,203,2,7,240,0,1.48,12668.4,1.1129
37,2016,IN,Loam,204,2,11,40,120,1.48,10598.4,1.04
37,2016,IN,Loam,205,2,1,0,0,0.88,9814.4,0.6006
37,2016,IN,Loam,206,2,12,40,160,1.5,11690.4,1.0941
37,2016,IN,Loam,207,2,9,40,40,1.35,11163.9,0.9676
37,2016,IN,Loam,208,2,3,80,0,1.28,11942.3,0.9412
37,2016,IN,Loam,209,2,4,120,0,1.29,12623.8,0.9688
37,2016,IN,Loam,210,2,10,40,80,1.31,11237.4,0.9412
37,2016,IN,Loam,211,2,15,80,80,1.38,9127.0,0.9162
37,2016,IN,Loam,212,2,8,280,0,1.69,11656.5,1.2313
37,2016,IN,Loam,213,2,2,40,0,1.1,10479.0,0.7696
37,2016,IN,Loam,214,2,13,40,200,1.47,9595.5,0.9947
37,2016,IN,Loam,215,2,6,200,0,1.38,11788.6,1.0097
37,2016,IN,Loam,216,2,14,40,240,1.4,10919.1,0.995
37,2016,IN,Loam,301,3,1,0,0,0.87,8189.0,0.5543
37,2016,IN,Loam,302,3,9,40,40,1.27,10571.6,0.8916
37,2016,IN,Loam,303,3,12,40,160,1.47,12813.9,1.1102
37,2016,IN,Loam,304,3,14,40,240,1.4,13987.3,1.0932
37,2016,IN,Loam,305,3,6,200,0,1.43,12952.3,1.0844
37,2016,IN,Loam,306,3,13,40,200,1.38,12541.7,1.0338
37,2016,IN,Loam,307,3,3,80,0,1.35,12622.9,1.0138
37,2016,IN,Loam,308,3,16,80,160,1.38,12565.7,1.0345
37,2016,IN,Loam,309,3,11,40,120,1.37,10944.8,0.9745
37,2016,IN,Loam,310,3,5,160,0,1.27,11543.7,0.9219
37,2016,IN,Loam,311,3,7,240,0,1.41,12169.1,1.0442
37,2016,IN,Loam,312,3,4,120,0,1.25,11854.9,0.9166
37,2016,IN,Loam,313,3,15,80,80,1.44,11458.5,1.0423
37,2016,IN,Loam,314,3,10,40,80,1.35,12973.4,1.0244
37,2016,IN,Loam,315,3,8,280,0,1.4,12500.8,1.0475
37,2016,IN,Loam,316,3,2,40,0,1.04,10093.8,0.7174
37,2016,IN,Loam,401,4,4,120,0,1.39,12389.2,1.0364
37,2016,IN,Loam,402,4,16,80,160,1.6,11135.1,1.1456
37,2016,IN,Loam,403,4,9,40,40,1.25,12450.8,0.9338
37,2016,IN,Loam,404,4,15,80,80,1.41,12964.2,1.0696
37,2016,IN,Loam,405,4,7,240,0,1.42,13247.8,1.0861
37,2016,IN,Loam,406,4,10,40,80,1.28,13363.7,0.9823
37,2016,IN,Loam,407,4,5,160,0,1.35,11606.7,0.982
37,2016,IN,Loam,408,4,12,40,160,1.41,10871.1,1.0004
37,2016,IN,Loam,409,4,13,40,200,1.41,9582.5,0.9536
37,2016,IN,Loam,410,4,2,40,0,1.02,10731.4,0.7202
37,2016,IN,Loam,411,4,8,280,0,1.51,10801.7,1.0688
37,2016,IN,Loam,412,4,1,0,0,0.85,8578.2,0.5512
37,2016,IN,Loam,413,4,11,40,120,1.42,10563.0,0.9966
37,2016,IN,Loam,414,4,3,80,0,1.31,11063.9,0.9357
37,2016,IN,Loam,415,4,6,200,0,1.35,12177.9,1.0001
37,2016,IN,Loam,416,4,14,40,240,1.39,10943.2,0.9887
38,2016,IN,Sand,101,1,2,40,0,1.32,11087.2,0.9436
38,2016,IN,Sand,102,1,3,80,0,1.32,13833.3,1.0264
38,2016,IN,Sand,103,1,9,40,40,1.49,13093.8,1.1346
38,2016,IN,Sand,104,1,14,40,240,1.56,12566.0,1.1695
38,2016,IN,Sand,105,1,16,80,160,1.64,12690.0,1.2341
38,2016,IN,Sand,106,1,13,40,200,1.61,13272.7,1.2323
38,2016,IN,Sand,107,1,10,40,80,1.62,12638.6,1.2171
38,2016,IN,Sand,108,1,5,160,0,1.69,14189.6,1.3268
38,2016,IN,Sand,109,1,1,0,0,1.08,10854.9,0.7658
38,2016,IN,Sand,110,1,4,120,0,1.57,13293.2,1.2024
38,2016,IN,Sand,111,1,12,40,160,1.53,11227.1,1.0989
38,2016,IN,Sand,112,1,11,40,120,1.59,10501.7,1.1134
38,2016,IN,Sand,113,1,15,80,80,1.49,12581.4,1.1175
38,2016,IN,Sand,114,1,6,200,0,1.62,13638.2,1.2528
38,2016,IN,Sand,115,1,7,240,0,1.89,11658.5,1.3771
38,2016,IN,Sand,116,1,8,280,0,1.79,13697.6,1.3866
38,2016,IN,Sand,201,2,5,160,0,1.63,10714.1,1.1501
38,2016,IN,Sand,202,2,16,80,160,1.55,11038.1,1.1061
38,2016,IN,Sand,203,2,7,240,0,1.82,12657.4,1.3682
38,2016,IN,Sand,204,2,11,40,120,1.62,9417.6,1.0884
38,2016,IN,Sand,205,2,1,0,0,1.11,8799.3,0.7268
38,2016,IN,Sand,206,2,12,40,160,1.52,10727.3,1.073
38,2016,IN,Sand,207,2,9,40,40,1.54,9819.7,1.0512
38,2016,IN,Sand,208,2,3,80,0,1.72,10443.1,1.2019
38,2016,IN,Sand,209,2,4,120,0,1.52,11162.3,1.0893
38,2016,IN,Sand,210,2,10,40,80,1.55,10976.3,1.1038
38,2016,IN,Sand,211,2,15,80,80,1.56,11055.5,1.1139
38,2016,IN,Sand,212,2,8,280,0,1.81,10505.6,1.2676
38,2016,IN,Sand,213,2,2,40,0,1.52,9337.7,1.0179
38,2016,IN,Sand,214,2,13,40,200,1.7,9487.2,1.1453
38,2016,IN,Sand,215,2,6,200,0,1.71,11140.3,1.2246
38,2016,IN,Sand,216,2,14,40,240,1.74,9597.3,1.1774
38,2016,IN,Sand,301,3,1,0,0,1.1,8024.5,0.6954
38,2016,IN,Sand,302,3,9,40,40,1.47,10221.5,1.0188
38,2016,IN,Sand,303,3,12,40,160,1.66,11617.4,1.2079
38,2016,IN,Sand,304,3,14,40,240,1.7,10785.5,1.2025
38,2016,IN,Sand,305,3,6,200,0,1.58,11787.0,1.156
38,2016,IN,Sand,306,3,13,40,200,1.65,9992.0,1.1338
38,2016,IN,Sand,307,3,3,80,0,1.49,11383.6,1.0758
38,2016,IN,Sand,308,3,16,80,160,1.58,10619.8,1.1111
38,2016,IN,Sand,309,3,11,40,120,1.6,11543.5,1.1614
38,2016,IN,Sand,310,3,5,160,0,1.66,12123.5,1.2276
38,2016,IN,Sand,311,3,7,240,0,1.68,11817.2,1.2304
38,2016,IN,Sand,312,3,4,120,0,1.55,13421.8,1.1914
38,2016,IN,Sand,313,3,15,80,80,1.74,10884.1,1.2351
38,2016,IN,Sand,314,3,10,40,80,1.58,12059.3,1.1661
38,2016,IN,Sand,315,3,8,280,0,1.82,10764.4,1.2865
38,2016,IN,Sand,316,3,2,40,0,1.35,10276.8,0.9376
38,2016,IN,Sand,401,4,4,120,0,1.78,11611.3,1.2949
38,2016,IN,Sand,402,4,16,80,160,1.69,12806.5,1.2761
38,2016,IN,Sand,403,4,9,40,40,1.48,9738.6,1.0071
38,2016,IN,Sand,404,4,15,80,80,1.63,12892.8,1.2339
38,2016,IN,Sand,405,4,7,240,0,1.65,12741.0,1.2435
38,2016,IN,Sand,406,4,10,40,80,1.69,11636.5,1.2305
38,2016,IN,Sand,407,4,5,160,0,1.68,11068.0,1.2001
38,2016,IN,Sand,408,4,12,40,160,1.62,10891.2,1.1502
38,2016,IN,Sand,409,4,13,40,200,1.74,11161.2,1.247
38,2016,IN,Sand,410,4,2,40,0,1.42,9430.1,0.9545
38,2016,IN,Sand,411,4,8,280,0,1.66,11575.8,1.2062
38,2016,IN,Sand,412,4,1,0,0,1.14,8463.4,0.7354
38,2016,IN,Sand,413,4,11,40,120,1.58,10745.0,1.1161
38,2016,IN,Sand,414,4,3,80,0,1.32,10158.7,0.9127
38,2016,IN,Sand,415,4,6,200,0,1.69,11995.9,1.2448
38,2016,IN,Sand,416,4,14,40,240,1.67,9902.7,1.1436
39,2016,MN,Becker,101,1,2,40,0,0.81,4131.9,0.3979
39,2016,MN,Becker,102,1,3,80,0,0.83,7704.9,0.5167
39,2016,MN,Becker,103,1,9,40,40,1.16,6070.1,0.6595
39,2016,MN,Becker,104,1,14,40,240,2.22,7054.8,1.3364
39,2016,MN,Becker,105,1,16,80,160,2.01,8412.9,1.2937
39,2016,MN,Becker,106,1,13,40,200,2.16,7584.9,1.3366
39,2016,MN,Becker,107,1,10,40,80,1.62,7179.3,0.9817
39,2016,MN,Becker,108,1,5,160,0,1.36,9702.4,0.9241
39,2016,MN,Becker,109,1,1,0,0,1.06,3854.8,0.5072
39,2016,MN,Becker,110,1,4,120,0,1.37,8614.7,0.8898
39,2016,MN,Becker,111,1,12,40,160,2.2,7477.9,1.354
39,2016,MN,Becker,112,1,11,40,120,1.99,8311.4,1.275
39,2016,MN,Becker,113,1,15,80,80,2.15,9133.9,1.4278
39,2016,MN,Becker,114,1,6,200,0,1.66,11036.0,1.1845
39,2016,MN,Becker,115,1,7,240,0,1.31,8483.5,0.8459
39,2016,MN,Becker,116,1,8,280,0,1.91,8595.9,1.2395
39,2016,MN,Becker,201,2,5,160,0,1.41,8698.7,0.9191
39,2016,MN,Becker,202,2,16,80,160,2.02,9479.4,1.3605
39,2016,MN,Becker,203,2,7,240,0,1.09,9301.5,0.7289
39,2016,MN,Becker,204,2,11,40,120,2.2,8180.9,1.4011
39,2016,MN,Becker,205,2,1,0,0,0.94,5583.6,0.5178
39,2016,MN,Becker,206,2,12,40,160,2.27,7904.5,1.4269
39,2016,MN,Becker,207,2,9,40,40,1.26,6610.8,0.74
39,2016,MN,Becker,208,2,3,80,0,1.04,9265.0,0.6944
39,2016,MN,Becker,209,2,4,120,0,1.48,8571.2,0.9594
39,2016,MN,Becker,210,2,10,40,80,1.6,6962.8,0.9584
39,2016,MN,Becker,211,2,15,80,80,1.65,7162.8,0.9991
39,2016,MN,Becker,212,2,8,280,0,1.75,10219.5,1.2128
39,2016,MN,Becker,213,2,2,40,0,1.31,8163.0,0.8336
39,2016,MN,Becker,214,2,13,40,200,2.62,8210.3,1.6708
39,2016,MN,Becker,215,2,6,200,0,1.5,8874.2,0.9853
39,2016,MN,Becker,216,2,14,40,240,2.26,6394.4,1.3107
39,2016,MN,Becker,301,3,1,0,0,0.87,4065.0,0.4248
39,2016,MN,Becker,302,3,9,40,40,1.23,8588.7,0.7979
39,2016,MN,Becker,303,3,12,40,160,2.01,7100.1,1.213
39,2016,MN,Becker,304,3,14,40,240,2.02,8713.4,1.3176
39,2016,MN,Becker,305,3,6,200,0,1.68,10445.0,1.174
39,2016,MN,Becker,306,3,13,40,200,2.08,7982.3,1.3123
39,2016,MN,Becker,307,3,3,80,0,1.31,9153.9,0.8707
39,2016,MN,Becker,308,3,16,80,160,2.2,11041.8,1.5702
39,2016,MN,Becker,309,3,11,40,120,2.05,8050.8,1.2976
39,2016,MN,Becker,310,3,5,160,0,1.37,7843.6,0.8586
39,2016,MN,Becker,311,3,7,240,0,1.43,10456.7,0.9997
39,2016,MN,Becker,312,3,4,120,0,1.22,8413.8,0.7853
39,2016,MN,Becker,313,3,15,80,80,1.74,9964.5,1.1944
39,2016,MN,Becker,314,3,10,40,80,1.68,6419.1,0.9757
39,2016,MN,Becker,315,3,8,280,0,1.57,7795.2,0.9817
39,2016,MN,Becker,316,3,2,40,0,1.28,7885.5,0.8039
39,2016,MN,Becker,401,4,4,120,0,1.13,8150.1,0.7186
39,2016,MN,Becker,402,4,16,80,160,1.81,9974.9,1.2429
39,2016,MN,Becker,403,4,9,40,40,1.27,8017.8,0.8026
39,2016,MN,Becker,404,4,15,80,80,1.65,9556.1,1.1147
39,2016,MN,Becker,405,4,7,240,0,2.36,12784.3,1.7808
39,2016,MN,Becker,406,4,10,40,80,1.47,9166.1,0.9775
39,2016,MN,Becker,407,4,5,160,0,1.8,9517.2,1.2142
39,2016,MN,Becker,408,4,12,40,160,2.61,9211.4,1.7388
39,2016,MN,Becker,409,4,13,40,200,1.73,9098.7,1.1472
39,2016,MN,Becker,410,4,2,40,0,0.84,5602.4,0.4633
39,2016,MN,Becker,411,4,8,280,0,1.35,10653.2,0.9505
39,2016,MN,Becker,412,4,1,0,0,0.86,4646.1,0.4417
39,2016,MN,Becker,413,4,11,40,120,2.62,7246.3,1.5934
39,2016,MN,Becker,414,4,3,80,0,1.05,7719.4,0.6541
39,2016,MN,Becker,415,4,6,200,0,1.38,9536.1,0.9316
39,2016,MN,Becker,416,4,14,40,240,2.51,8100.5,1.5925
40,2016,MN,Waseca,101,1,2,40,0,1.38,9288.9,0.9223
40,2016,MN,Waseca,102,1,3,80,0,1.37,9866.2,0.9369
40,2016,MN,Waseca,103,1,9,40,40,1.51,10082.5,1.0411
40,2016,MN,Waseca,104,1,14,40,240,2.1,9614.9,1.422
40,2016,MN,Waseca,105,1,16,80,160,1.77,12079.1,1.3071
40,2016,MN,Waseca,106,1,13,40,200,1.81,10375.0,1.2616
40,2016,MN,Waseca,107,1,10,40,80,1.78,8495.2,1.15
40,2016,MN,Waseca,108,1,5,160,0,1.89,10949.9,1.3447
40,2016,MN,Waseca,109,1,1,0,0,1.02,4951.0,0.5367
40,2016,MN,Waseca,110,1,4,120,0,1.59,9482.1,1.071
40,2016,MN,Waseca,111,1,12,40,160,1.96,10373.9,1.3661
40,2016,MN,Waseca,112,1,11,40,120,1.87,8524.7,1.2097
40,2016,MN,Waseca,113,1,15,80,80,1.73,11206.2,1.2417
40,2016,MN,Waseca,114,1,6,200,0,1.91,12301.5,1.4203
40,2016,MN,Waseca,115,1,7,240,0,1.95,13890.0,1.5186
40,2016,MN,Waseca,116,1,8,280,0,2.15,12862.9,1.6262
40,2016,MN,Waseca,201,2,5,160,0,1.76,10311.0,1.2239
40,2016,MN,Waseca,202,2,16,80,160,1.92,10379.3,1.3385
40,2016,MN,Waseca,203,2,7,240,0,1.95,11730.1,1.4241
40,2016,MN,Waseca,204,2,11,40,120,1.79,8493.7,1.1563
40,2016,MN,Waseca,205,2,1,0,0,1.02,6657.8,0.6007
40,2016,MN,Waseca,206,2,12,40,160,1.93,7266.9,1.175
40,2016,MN,Waseca,207,2,9,40,40,1.44,7563.6,0.8901
40,2016,MN,Waseca,208,2,3,80,0,1.39,8500.7,0.8982
40,2016,MN,Waseca,209,2,4,120,0,1.65,9693.6,1.1208
40,2016,MN,Waseca,210,2,10,40,80,1.6,7108.1,0.966
40,2016,MN,Waseca,211,2,15,80,80,2.01,9459.3,1.3527
40,2016,MN,Waseca,212,2,8,280,0,1.76,9478.7,1.1854
40,2016,MN,Waseca,213,2,2,40,0,1.33,8776.1,0.8699
40,2016,MN,Waseca,214,2,13,40,200,1.88,9098.3,1.2466
40,2016,MN,Waseca,215,2,6,200,0,1.66,11364.4,1.1978
40,2016,MN,Waseca,216,2,14,40,240,1.9,8619.6,1.2343
40,2016,MN,Waseca,301,3,1,0,0,1.11,7593.5,0.6872
40,2016,MN,Waseca,302,3,9,40,40,1.64,8935.4,1.08
40,2016,MN,Waseca,303,3,12,40,160,1.82,8963.7,1.2
40,2016,MN,Waseca,304,3,14,40,240,1.87,9047.3,1.2374
40,2016,MN,Waseca,305,3,6,200,0,2.36,10917.9,1.6772
40,2016,MN,Waseca,306,3,13,40,200,1.83,8971.4,1.207
40,2016,MN,Waseca,307,3,3,80,0,1.37,9706.1,0.931
40,2016,MN,Waseca,308,3,16,80,160,1.73,10620.5,1.2166
40,2016,MN,Waseca,309,3,11,40,120,1.64,8912.3,1.079
40,2016,MN,Waseca,310,3,5,160,0,2.38,9639.1,1.6132
40,2016,MN,Waseca,311,3,7,240,0,1.9,10296.1,1.3205
40,2016,MN,Waseca,312,3,4,120,0,1.78,8731.7,1.162
40,2016,MN,Waseca,313,3,15,80,80,1.79,10324.8,1.2454
40,2016,MN,Waseca,314,3,10,40,80,1.86,8679.4,1.2115
40,2016,MN,Waseca,315,3,8,280,0,1.84,10549.7,1.2907
40,2016,MN,Waseca,316,3,2,40,0,1.44,9318.1,0.9636
40,2016,MN,Waseca,401,4,4,120,0,1.8,10087.1,1.2413
40,2016,MN,Waseca,402,4,16,80,160,1.9,10316.1,1.3215
40,2016,MN,Waseca,403,4,9,40,40,1.46,9535.4,0.9855
40,2016,MN,Waseca,404,4,15,80,80,1.65,10451.1,1.1533
40,2016,MN,Waseca,405,4,7,240,0,2.01,11084.8,1.4367
40,2016,MN,Waseca,406,4,10,40,80,1.49,9328.6,0.9974
40,2016,MN,Waseca,407,4,5,160,0,1.74,10776.5,1.2305
40,2016,MN,Waseca,408,4,12,40,160,1.78,8791.4,1.165
40,2016,MN,Waseca,409,4,13,40,200,1.84,9730.4,1.2516
40,2016,MN,Waseca,410,4,2,40,0,1.21,7815.3,0.7573
40,2016,MN,Waseca,411,4,8,280,0,2.02,10912.7,1.4353
40,2016,MN,Waseca,412,4,1,0,0,1.09,6054.0,0.6191
40,2016,MN,Waseca,413,4,11,40,120,1.85,9799.6,1.2618
40,2016,MN,Waseca,414,4,3,80,0,1.41,10238.7,0.9779
40,2016,MN,Waseca,415,4,6,200,0,1.88,8631.7,1.2219
40,2016,MN,Waseca,416,4,14,40,240,1.95,8486.7,1.2593
41,2016,MO,Bradford,101,1,2,40,0,1.83,13124.5,1.3948
41,2016,MO,Bradford,102,1,3,80,0,2.07,7811.1,1.2953
41,2016,MO,Bradford,103,1,9,40,40,2.15,8880.9,1.4126
41,2016,MO,Bradford,104,1,14,40,240,2.18,10656.4,1.5351
41,2016,MO,Bradford,105,1,16,80,160,2.4,8582.6,1.5565
41,2016,MO,Bradford,106,1,13,40,200,2.2,7649.6,1.3658
41,2016,MO,Bradford,107,1,10,40,80,1.78,6910.6,1.0632
41,2016,MO,Bradford,108,1,5,160,0,2.03,7894.9,1.2754
41,2016,MO,Bradford,109,1,1,0,0,1.54,8770.7,1.007
41,2016,MO,Bradford,110,1,4,120,0,2.08,10601.6,1.4618
41,2016,MO,Bradford,111,1,12,40,160,2.18,7797.3,1.3632
41,2016,MO,Bradford,112,1,11,40,120,2.07,10311.9,1.4395
41,2016,MO,Bradford,113,1,15,80,80,1.93,8707.9,1.2586
41,2016,MO,Bradford,114,1,6,200,0,1.68,8135.0,1.0676
41,2016,MO,Bradford,115,1,7,240,0,2.39,7369.3,1.4628
41,2016,MO,Bradford,116,1,8,280,0,2.51,10006.6,1.7257
41,2016,MO,Bradford,201,2,5,160,0,2.43,10253.1,1.6862
41,2016,MO,Bradford,202,2,16,80,160,2.07,11012.9,1.4759
41,2016,MO,Bradford,203,2,7,240,0,2.22,7330.6,1.3561
41,2016,MO,Bradford,204,2,11,40,120,2.37,7404.8,1.4532
41,2016,MO,Bradford,205,2,1,0,0,1.64,9744.9,1.1162
41,2016,MO,Bradford,206,2,12,40,160,2.35,8386.0,1.5108
41,2016,MO,Bradford,207,2,9,40,40,2.39,9570.5,1.6156
41,2016,MO,Bradford,208,2,3,80,0,2.24,8336.4,1.4368
41,2016,MO,Bradford,209,2,4,120,0,2.41,7938.8,1.5174
41,2016,MO,Bradford,210,2,10,40,80,1.7,10418.2,1.1868
41,2016,MO,Bradford,211,2,15,80,80,2.1,6320.0,1.2125
41,2016,MO,Bradford,212,2,8,280,0,2.13,8854.9,1.3979
41,2016,MO,Bradford,213,2,2,40,0,1.66,6110.2,0.9462
41,2016,MO,Bradford,214,2,13,40,200,2.07,7965.1,1.305
41,2016,MO,Bradford,215,2,6,200,0,2.44,11441.3,1.7652
41,2016,MO,Bradford,216,2,14,40,240,1.5,8101.2,0.9517
41,2016,MO,Bradford,301,3,1,0,0,1.59,9700.1,1.0803
41,2016,MO,Bradford,302,3,9,40,40,2.15,9945.7,1.4747
41,2016,MO,Bradford,303,3,12,40,160,2.24,9125.0,1.487
41,2016,MO,Bradford,304,3,14,40,240,2.17,5152.2,1.1593
41,2016,MO,Bradford,305,3,6,200,0,1.95,10952.9,1.3875
41,2016,MO,Bradford,306,3,13,40,200,2.0,9582.7,1.3526
41,2016,MO,Bradford,307,3,3,80,0,2.0,13822.3,1.5546
41,2016,MO,Bradford,308,3,16,80,160,1.9,10553.0,1.3329
41,2016,MO,Bradford,309,3,11,40,120,1.88,11034.9,1.3415
41,2016,MO,Bradford,310,3,5,160,0,2.31,11012.7,1.647
41,2016,MO,Bradford,311,3,7,240,0,2.5,8532.3,1.6178
41,2016,MO,Bradford,312,3,4,120,0,2.23,7586.8,1.3801
41,2016,MO,Bradford,313,3,15,80,80,2.39,10792.6,1.6911
41,2016,MO,Bradford,314,3,10,40,80,1.95,10957.2,1.3877
41,2016,MO,Bradford,315,3,8,280,0,2.41,10995.3,1.7173
41,2016,MO,Bradford,316,3,2,40,0,1.82,11345.4,1.3124
41,2016,MO,Bradford,401,4,4,120,0,2.24,9379.2,1.5026
41,2016,MO,Bradford,402,4,16,80,160,1.9,11526.7,1.3784
41,2016,MO,Bradford,403,4,9,40,40,1.98,10711.1,1.3969
41,2016,MO,Bradford,404,4,15,80,80,2.29,10719.2,1.6161
41,2016,MO,Bradford,405,4,7,240,0,2.39,11226.0,1.7166
41,2016,MO,Bradford,406,4,10,40,80,1.71,14164.6,1.3416
41,2016,MO,Bradford,407,4,5,160,0,2.43,10661.4,1.7114
41,2016,MO,Bradford,408,4,12,40,160,2.35,12535.8,1.7601
41,2016,MO,Bradford,409,4,13,40,200,2.33,11550.3,1.6917
41,2016,MO,Bradford,410,4,2,40,0,2.01,9937.6,1.3783
41,2016,MO,Bradford,411,4,8,280,0,2.55,11001.6,1.8175
41,2016,MO,Bradford,412,4,1,0,0,1.47,11180.9,1.0542
41,2016,MO,Bradford,413,4,11,40,120,2.16,11547.5,1.5681
41,2016,MO,Bradford,414,4,3,80,0,1.91,13112.1,1.4552
41,2016,MO,Bradford,415,4,6,200,0,2.36,7416.9,1.448
41,2016,MO,Bradford,416,4,14,40,240,2.16,11628.3,1.5723
42,2016,MO,Loess,101,1,2,40,0,1.56,13004.1,1.1848
42,2016,MO,Loess,102,1,3,80,0,1.88,12037.7,1.3866
42,2016,MO,Loess,103,1,9,40,40,1.89,12609.7,1.4187
42,2016,MO,Loess,104,1,14,40,240,1.89,9088.3,1.2527
42,2016,MO,Loess,105,1,16,80,160,1.94,9936.0,1.3302
42,2016,MO,Loess,106,1,13,40,200,2.01,10852.8,1.4252
42,2016,MO,Loess,107,1,10,40,80,1.51,10078.7,1.041
42,2016,MO,Loess,108,1,5,160,0,1.87,7983.8,1.1799
42,2016,MO,Loess,109,1,1,0,0,1.39,8191.7,0.8857
42,2016,MO,Loess,110,1,4,120,0,1.84,9381.9,1.2344
42,2016,MO,Loess,111,1,12,40,160,1.72,8188.0,1.0957
42,2016,MO,Loess,112,1,11,40,120,1.92,10825.3,1.3601
42,2016,MO,Loess,113,1,15,80,80,1.81,8629.5,1.1763
42,2016,MO,Loess,114,1,6,200,0,1.96,9022.3,1.2955
42,2016,MO,Loess,115,1,7,240,0,2.16,7958.2,1.3613
42,2016,MO,Loess,116,1,8,280,0,2.21,9063.0,1.4633
42,2016,MO,Loess,201,2,5,160,0,2.04,9482.0,1.3741
42,2016,MO,Loess,202,2,16,80,160,1.82,9970.2,1.2495
42,2016,MO,Loess,203,2,7,240,0,2.32,12986.9,1.7611
42,2016,MO,Loess,204,2,11,40,120,1.68,9262.1,1.1216
42,2016,MO,Loess,205,2,1,0,0,1.27,6572.5,0.7442
42,2016,MO,Loess,206,2,12,40,160,1.37,11424.2,0.9905
42,2016,MO,Loess,207,2,9,40,40,1.61,9608.8,1.09
42,2016,MO,Loess,208,2,3,80,0,1.72,9066.1,1.139
42,2016,MO,Loess,209,2,4,120,0,2.11,11798.8,1.5444
42,2016,MO,Loess,210,2,10,40,80,2.06,10162.9,1.4247
42,2016,MO,Loess,211,2,15,80,80,1.53,9678.4,1.0387
42,2016,MO,Loess,212,2,8,280,0,2.06,11215.7,1.479
42,2016,MO,Loess,213,2,2,40,0,1.41,10375.8,0.9828
42,2016,MO,Loess,214,2,13,40,200,1.74,10171.3,1.2037
42,2016,MO,Loess,215,2,6,200,0,2.28,12975.7,1.7302
42,2016,MO,Loess,216,2,14,40,240,1.78,11045.8,1.2706
42,2016,MO,Loess,301,3,1,0,0,1.42,6448.4,0.8261
42,2016,MO,Loess,302,3,9,40,40,1.75,9858.6,1.1964
42,2016,MO,Loess,303,3,12,40,160,1.71,9617.2,1.1581
42,2016,MO,Loess,304,3,14,40,240,1.89,11772.6,1.3822
42,2016,MO,Loess,305,3,6,200,0,2.0,8754.1,1.3069
42,2016,MO,Loess,306,3,13,40,200,1.47,9628.3,0.996
42,2016,MO,Loess,307,3,3,80,0,1.98,11022.6,1.4122
42,2016,MO,Loess,308,3,16,80,160,2.08,12057.9,1.535
42,2016,MO,Loess,309,3,11,40,120,1.68,10839.6,1.1907
42,2016,MO,Loess,310,3,5,160,0,1.89,12334.7,1.4069
42,2016,MO,Loess,311,3,7,240,0,2.19,9957.7,1.5029
42,2016,MO,Loess,312,3,4,120,0,1.91,12979.8,1.4496
42,2016,MO,Loess,313,3,15,80,80,1.75,12280.0,1.3005
42,2016,MO,Loess,314,3,10,40,80,1.53,12332.9,1.1389
42,2016,MO,Loess,315,3,8,280,0,2.39,15717.3,1.9507
42,2016,MO,Loess,316,3,2,40,0,1.31,11528.1,0.9504
42,2016,MO,Loess,401,4,4,120,0,1.91,11815.3,1.3987
42,2016,MO,Loess,402,4,16,80,160,1.71,8573.2,1.1086
42,2016,MO,Loess,403,4,9,40,40,1.76,9520.4,1.1873
42,2016,MO,Loess,404,4,15,80,80,1.5,8871.9,0.9852
42,2016,MO,Loess,405,4,7,240,0,2.06,10856.0,1.4608
42,2016,MO,Loess,406,4,10,40,80,1.69,10159.2,1.1686
42,2016,MO,Loess,407,4,5,160,0,1.89,11357.9,1.3635
42,2016,MO,Loess,408,4,12,40,160,1.65,10642.9,1.1613
42,2016,MO,Loess,409,4,13,40,200,1.81,10418.0,1.2636
42,2016,MO,Loess,410,4,2,40,0,1.21,11139.8,0.8665
42,2016,MO,Loess,411,4,8,280,0,2.0,9566.5,1.3517
42,2016,MO,Loess,412,4,1,0,0,1.61,9350.8,1.0788
42,2016,MO,Loess,413,4,11,40,120,1.92,9534.8,1.296
42,2016,MO,Loess,414,4,3,80,0,1.44,11265.6,1.0356
42,2016,MO,Loess,415,4,6,200,0,2.06,11523.5,1.4943
42,2016,MO,Loess,416,4,14,40,240,1.84,11399.0,1.3292
43,2016,MO,Troth,101,1,2,40,0,1.52,9273.9,1.0153
43,2016,MO,Troth,102,1,3,80,0,2.15,11726.3,1.57
43,2016,MO,Troth,103,1,9,40,40,1.4,7585.3,0.8663
43,2016,MO,Troth,104,1,14,40,240,1.88,8522.0,1.216
43,2016,MO,Troth,105,1,16,80,160,1.96,8324.8,1.2565
43,2016,MO,Troth,106,1,13,40,200,1.91,8052.3,1.2091
43,2016,MO,Troth,107,1,10,40,80,1.65,9478.1,1.1113
43,2016,MO,Troth,108,1,5,160,0,2.36,11594.1,1.7159
43,2016,MO,Troth,109,1,1,0,0,1.63,7763.7,1.0176
43,2016,MO,Troth,110,1,4,120,0,1.56,8581.4,1.0117
43,2016,MO,Troth,111,1,12,40,160,1.64,8505.0,1.06
43,2016,MO,Troth,112,1,11,40,120,1.59,8874.1,1.0444
43,2016,MO,Troth,113,1,15,80,80,2.01,10204.7,1.3922
43,2016,MO,Troth,114,1,6,200,0,2.18,10520.8,1.5276
43,2016,MO,Troth,115,1,7,240,0,2.23,9879.4,1.5257
43,2016,MO,Troth,116,1,8,280,0,2.1,9444.1,1.4124
43,2016,MO,Troth,201,2,5,160,0,2.59,11745.3,1.8924
43,2016,MO,Troth,202,2,16,80,160,2.29,9108.5,1.5191
43,2016,MO,Troth,203,2,7,240,0,2.35,10685.5,1.6565
43,2016,MO,Troth,204,2,11,40,120,2.15,9092.9,1.4253
43,2016,MO,Troth,205,2,1,0,0,1.53,8188.0,0.9747
43,2016,MO,Troth,206,2,12,40,160,1.61,8173.4,1.025
43,2016,MO,Troth,207,2,9,40,40,2.39,9115.5,1.5859
43,2016,MO,Troth,208,2,3,80,0,2.16,9956.9,1.4822
43,2016,MO,Troth,209,2,4,120,0,1.81,11322.4,1.3042
43,2016,MO,Troth,210,2,10,40,80,1.62,9292.1,1.0829
43,2016,MO,Troth,211,2,15,80,80,2.09,8894.4,1.374
43,2016,MO,Troth,212,2,8,280,0,2.43,12415.6,1.8134
43,2016,MO,Troth,213,2,2,40,0,1.92,9471.6,1.2928
43,2016,MO,Troth,214,2,13,40,200,1.85,8829.6,1.2128
43,2016,MO,Troth,215,2,6,200,0,2.02,10307.8,1.4045
43,2016,MO,Troth,216,2,14,40,240,2.16,9476.9,1.4547
43,2016,MO,Troth,301,3,1,0,0,1.3,6973.4,0.7792
43,2016,MO,Troth,302,3,9,40,40,1.64,8710.5,1.0696
43,2016,MO,Troth,303,3,12,40,160,1.88,9741.0,1.2794
43,2016,MO,Troth,304,3,14,40,240,1.11,7374.3,0.6796
43,2016,MO,Troth,305,3,6,200,0,2.41,10539.0,1.6899
43,2016,MO,Troth,306,3,13,40,200,1.3,8846.1,0.8529
43,2016,MO,Troth,307,3,3,80,0,1.7,10565.0,1.1931
43,2016,MO,Troth,308,3,16,80,160,1.51,8789.2,0.9882
43,2016,MO,Troth,309,3,11,40,120,1.67,8417.6,1.0751
43,2016,MO,Troth,310,3,5,160,0,2.38,10528.5,1.6682
43,2016,MO,Troth,311,3,7,240,0,2.19,10341.7,1.5246
43,2016,MO,Troth,312,3,4,120,0,1.69,9468.8,1.1378
43,2016,MO,Troth,313,3,15,80,80,1.87,10442.7,1.3067
43,2016,MO,Troth,314,3,10,40,80,2.11,9023.0,1.3947
43,2016,MO,Troth,315,3,8,280,0,2.29,8446.2,1.4762
43,2016,MO,Troth,316,3,2,40,0,1.13,8614.8,0.7339
43,2016,MO,Troth,401,4,4,120,0,2.11,8696.4,1.3753
43,2016,MO,Troth,402,4,16,80,160,2.04,9192.5,1.358
43,2016,MO,Troth,403,4,9,40,40,2.16,9727.0,1.4691
43,2016,MO,Troth,404,4,15,80,80,1.97,7150.7,1.192
43,2016,MO,Troth,405,4,7,240,0,2.27,9643.2,1.5389
43,2016,MO,Troth,406,4,10,40,80,1.59,9293.2,1.0629
43,2016,MO,Troth,407,4,5,160,0,2.07,11027.1,1.4767
43,2016,MO,Troth,408,4,12,40,160,2.14,11548.2,1.5536
43,2016,MO,Troth,409,4,13,40,200,1.97,9219.8,1.3129
43,2016,MO,Troth,410,4,2,40,0,1.62,9813.8,1.1056
43,2016,MO,Troth,411,4,8,280,0,2.81,10405.9,1.9609
43,2016,MO,Troth,412,4,1,0,0,1.68,5291.0,0.9066
43,2016,MO,Troth,413,4,11,40,120,1.7,10402.8,1.1862
43,2016,MO,Troth,414,4,3,80,0,1.71,9900.1,1.1709
43,2016,MO,Troth,415,4,6,200,0,2.22,10393.6,1.5485
43,2016,MO,Troth,416,4,14,40,240,1.48,8798.9,0.969
44,2016,ND,Amenia,101,1,14,40,240,1.6,9610.6,1.0833
44,2016,ND,Amenia,102,1,6,200,0,1.4,8846.4,0.9185
44,2016,ND,Amenia,103,1,3,80,0,1.8,9372.2,1.2071
44,2016,ND,Amenia,104,1,11,40,120,1.7,10893.7,1.2071
44,2016,ND,Amenia,105,1,1,0,0,1.4,9322.2,0.937
44,2016,ND,Amenia,106,1,8,280,0,1.7,9029.2,1.124
44,2016,ND,Amenia,107,1,2,40,0,1.3,9114.0,0.8626
44,2016,ND,Amenia,108,1,13,40,200,1.6,9117.2,1.0618
44,2016,ND,Amenia,109,1,12,40,160,1.4,9163.1,0.9308
44,2016,ND,Amenia,110,1,5,160,0,1.7,8099.3,1.0785
44,2016,ND,Amenia,111,1,10,40,80,1.9,9183.3,1.2644
44,2016,ND,Amenia,112,1,7,240,0,2.1,8055.4,1.3296
44,2016,ND,Amenia,113,1,15,80,80,1.7,9542.1,1.1479
44,2016,ND,Amenia,114,1,9,40,40,2.0,9815.5,1.365
44,2016,ND,Amenia,115,1,16,80,160,1.9,10004.5,1.3062
44,2016,ND,Amenia,116,1,4,120,0,1.4,9750.5,0.9531
44,2016,ND,Amenia,201,2,2,40,0,1.7,8898.3,1.1178
44,2016,ND,Amenia,202,2,8,280,0,1.5,6615.7,0.8812
44,2016,ND,Amenia,203,2,10,40,80,1.7,7543.5,1.0498
44,2016,ND,Amenia,204,2,15,80,80,1.6,8738.9,1.0448
44,2016,ND,Amenia,205,2,4,120,0,1.9,8275.1,1.2153
44,2016,ND,Amenia,206,2,7,240,0,1.6,7629.9,0.9923
44,2016,ND,Amenia,207,2,5,160,0,1.4,7644.9,0.8689
44,2016,ND,Amenia,208,2,11,40,120,1.8,9292.9,1.2032
44,2016,ND,Amenia,209,2,16,80,160,1.7,8501.6,1.0986
44,2016,ND,Amenia,210,2,3,80,0,2.1,10601.4,1.4758
44,2016,ND,Amenia,211,2,13,40,200,1.7,8945.9,1.1201
44,2016,ND,Amenia,212,2,6,200,0,1.9,9312.7,1.2711
44,2016,ND,Amenia,213,2,14,40,240,1.6,8070.8,1.0137
44,2016,ND,Amenia,214,2,12,40,160,1.8,9011.5,1.1892
44,2016,ND,Amenia,215,2,9,40,40,2.0,10390.3,1.3948
44,2016,ND,Amenia,216,2,1,0,0,1.6,8587.4,1.0379
44,2016,ND,Amenia,301,3,14,40,240,1.5,9053.5,0.9928
44,2016,ND,Amenia,302,3,6,200,0,1.9,9578.5,1.2848
44,2016,ND,Amenia,303,3,13,40,200,1.5,8935.7,0.9879
44,2016,ND,Amenia,304,3,2,40,0,1.5,9237.4,1.0004
44,2016,ND,Amenia,305,3,8,280,0,1.8,8057.8,1.1397
44,2016,ND,Amenia,306,3,15,80,80,1.8,9086.1,1.193
44,2016,ND,Amenia,307,3,10,40,80,2.0,8819.8,1.3106
44,2016,ND,Amenia,308,3,4,120,0,1.7,7679.1,1.0569
44,2016,ND,Amenia,309,3,3,80,0,1.5,9313.9,1.0035
44,2016,ND,Amenia,310,3,9,40,40,1.8,8630.1,1.1699
44,2016,ND,Amenia,311,3,12,40,160,1.5,8415.5,0.9656
44,2016,ND,Amenia,312,3,1,0,0,1.7,8162.0,1.0817
44,2016,ND,Amenia,313,3,11,40,120,1.7,9010.1,1.1231
44,2016,ND,Amenia,314,3,7,240,0,1.4,9048.1,0.9264
44,2016,ND,Amenia,315,3,16,80,160,1.9,10171.0,1.3144
44,2016,ND,Amenia,316,3,5,160,0,1.6,8915.6,1.0528
44,2016,ND,Amenia,401,4,8,280,0,2.0,8336.9,1.2829
44,2016,ND,Amenia,402,4,7,240,0,1.6,8513.1,1.0345
44,2016,ND,Amenia,403,4,6,200,0,1.6,10677.0,1.1275
44,2016,ND,Amenia,404,4,15,80,80,1.6,9376.5,1.0732
44,2016,ND,Amenia,405,4,11,40,120,1.3,11195.9,0.9327
44,2016,ND,Amenia,406,4,12,40,160,1.9,10282.3,1.3198
44,2016,ND,Amenia,407,4,4,120,0,1.6,9059.7,1.0592
44,2016,ND,Amenia,408,4,1,0,0,1.8,9015.8,1.1895
44,2016,ND,Amenia,409,4,5,160,0,2.0,8581.3,1.297
44,2016,ND,Amenia,410,4,10,40,80,2.0,9312.3,1.338
44,2016,ND,Amenia,411,4,13,40,200,1.8,10022.9,1.2383
44,2016,ND,Amenia,412,4,16,80,160,1.7,8418.7,1.0945
44,2016,ND,Amenia,413,4,14,40,240,1.8,8819.5,1.1795
44,2016,ND,Amenia,414,4,9,40,40,1.4,9606.3,0.9477
44,2016,ND,Amenia,415,4,3,80,0,2.0,8626.6,1.2996
44,2016,ND,Amenia,416,4,2,40,0,1.6,10876.5,1.1354
45,2016,ND,Durbin,101,1,2,40,0,1.8,8692.1,1.173
45,2016,ND,Durbin,102,1,11,40,120,1.9,7855.5,1.1915
45,2016,ND,Durbin,103,1,4,120,0,1.5,7785.5,0.9375
45,2016,ND,Durbin,104,1,14,40,240,1.4,7472.5,0.8614
45,2016,ND,Durbin,105,1,6,200,0,1.9,6505.2,1.1091
45,2016,ND,Durbin,106,1,15,80,80,1.9,7433.5,1.1668
45,2016,ND,Durbin,107,1,8,280,0,1.3,9213.5,0.8662
45,2016,ND,Durbin,108,1,1,0,0,1.7,9151.4,1.1298
45,2016,ND,Durbin,109,1,10,40,80,1.8,8759.9,1.1765
45,2016,ND,Durbin,110,1,5,160,0,1.5,9633.9,1.0165
45,2016,ND,Durbin,111,1,13,40,200,1.8,9925.0,1.2337
45,2016,ND,Durbin,112,1,9,40,40,1.6,8023.3,1.0115
45,2016,ND,Durbin,113,1,16,80,160,2.0,8965.0,1.3188
45,2016,ND,Durbin,114,1,3,80,0,1.6,8407.1,1.0296
45,2016,ND,Durbin,115,1,12,40,160,1.7,7995.9,1.0733
45,2016,ND,Durbin,116,1,7,240,0,1.8,8935.0,1.1854
45,2016,ND,Durbin,201,2,13,40,200,2.1,7245.1,1.2771
45,2016,ND,Durbin,202,2,10,40,80,2.0,9055.5,1.3238
45,2016,ND,Durbin,203,2,5,160,0,1.8,8516.4,1.164
45,2016,ND,Durbin,204,2,12,40,160,1.9,6879.5,1.1329
45,2016,ND,Durbin,205,2,1,0,0,1.6,6120.7,0.9126
45,2016,ND,Durbin,206,2,4,120,0,1.7,7561.9,1.0508
45,2016,ND,Durbin,207,2,11,40,120,1.8,9349.1,1.206
45,2016,ND,Durbin,208,2,6,200,0,1.8,7536.0,1.1111
45,2016,ND,Durbin,209,2,2,40,0,2.0,7379.1,1.2247
45,2016,ND,Durbin,210,2,8,280,0,1.6,8186.8,1.0192
45,2016,ND,Durbin,211,2,3,80,0,1.7,9120.3,1.1283
45,2016,ND,Durbin,212,2,7,240,0,2.0,8601.1,1.2982
45,2016,ND,Durbin,213,2,15,80,80,1.8,8653.7,1.1711
45,2016,ND,Durbin,214,2,9,40,40,1.5,8165.1,0.9546
45,2016,ND,Durbin,215,2,16,80,160,2.1,7918.5,1.3209
45,2016,ND,Durbin,216,2,14,40,240,2.0,7968.4,1.261
45,2016,ND,Durbin,301,3,16,80,160,1.6,7815.2,1.0014
45,2016,ND,Durbin,302,3,12,40,160,1.6,7111.7,0.9661
45,2016,ND,Durbin,303,3,7,240,0,1.6,8512.9,1.0345
45,2016,ND,Durbin,304,3,2,40,0,1.3,7412.5,0.7975
45,2016,ND,Durbin,305,3,13,40,200,2.0,6307.3,1.1538
45,2016,ND,Durbin,306,3,8,280,0,1.7,8217.0,1.0845
45,2016,ND,Durbin,307,3,3,80,0,1.6,7801.2,1.0007
45,2016,ND,Durbin,308,3,14,40,240,1.6,9089.3,1.0606
45,2016,ND,Durbin,309,3,5,160,0,1.8,8374.9,1.1566
45,2016,ND,Durbin,310,3,10,40,80,1.8,8080.5,1.141
45,2016,ND,Durbin,311,3,15,80,80,1.7,8797.3,1.113
45,2016,ND,Durbin,312,3,9,40,40,2.0,7648.8,1.2416
45,2016,ND,Durbin,313,3,1,0,0,1.6,9815.3,1.092
45,2016,ND,Durbin,314,3,6,200,0,1.6,7599.4,0.9908
45,2016,ND,Durbin,315,3,11,40,120,2.0,8088.6,1.2682
45,2016,ND,Durbin,316,3,4,120,0,1.5,7310.0,0.9153
45,2016,ND,Durbin,401,4,15,80,80,1.8,7217.6,1.093
45,2016,ND,Durbin,402,4,8,280,0,1.7,7152.9,1.0288
45,2016,ND,Durbin,403,4,3,80,0,1.5,9033.3,0.9919
45,2016,ND,Durbin,404,4,10,40,80,1.5,7613.9,0.9296
45,2016,ND,Durbin,405,4,5,160,0,1.4,6225.9,0.8037
45,2016,ND,Durbin,406,4,7,240,0,1.4,7348.1,0.856
45,2016,ND,Durbin,407,4,12,40,160,1.6,6986.0,0.9596
45,2016,ND,Durbin,408,4,4,120,0,1.6,7683.8,0.995
45,2016,ND,Durbin,409,4,16,80,160,1.8,9215.2,1.1994
45,2016,ND,Durbin,410,4,1,0,0,1.7,8805.5,1.1133
45,2016,ND,Durbin,411,4,11,40,120,1.6,8620.8,1.0394
45,2016,ND,Durbin,412,4,2,40,0,1.7,7320.3,1.0379
45,2016,ND,Durbin,413,4,14,40,240,1.6,8306.8,1.0249
45,2016,ND,Durbin,414,4,13,40,200,1.8,11151.1,1.2895
45,2016,ND,Durbin,415,4,6,200,0,2.0,7490.5,1.2317
45,2016,ND,Durbin,416,4,9,40,40,2.0,7106.7,1.2074
47,2016,NE,SCAL,101,1,2,40,0,2.27,7262.5,1.3817
47,2016,NE,SCAL,102,1,3,80,0,1.92,8155.9,1.2213
47,2016,NE,SCAL,103,1,9,40,40,2.38,8533.5,1.5402
47,2016,NE,SCAL,104,1,14,40,240,1.71,6455.0,0.9952
47,2016,NE,SCAL,105,1,16,80,160,2.1,7834.2,1.3156
47,2016,NE,SCAL,106,1,13,40,200,2.41,7666.9,1.4974
47,2016,NE,SCAL,107,1,10,40,80,1.69,6344.4,0.9772
47,2016,NE,SCAL,108,1,5,160,0,1.71,8452.6,1.1026
47,2016,NE,SCAL,109,1,1,0,0,1.69,6213.9,0.9695
47,2016,NE,SCAL,110,1,4,120,0,2.1,6835.4,1.2491
47,2016,NE,SCAL,111,1,12,40,160,2.09,7117.8,1.2624
47,2016,NE,SCAL,112,1,11,40,120,1.89,6468.1,1.1009
47,2016,NE,SCAL,113,1,15,80,80,1.91,7734.0,1.1907
47,2016,NE,SCAL,114,1,6,200,0,2.66,7101.2,1.6053
47,2016,NE,SCAL,115,1,7,240,0,2.36,7591.3,1.4609
47,2016,NE,SCAL,116,1,8,280,0,2.53,8324.0,1.6219
47,2016,NE,SCAL,201,2,5,160,0,1.49,7857.6,0.9345
47,2016,NE,SCAL,202,2,16,80,160,2.2,7525.9,1.3573
47,2016,NE,SCAL,203,2,7,240,0,2.26,7893.2,1.4198
47,2016,NE,SCAL,204,2,11,40,120,2.44,7124.8,1.4744
47,2016,NE,SCAL,205,2,1,0,0,1.76,7084.8,1.0612
47,2016,NE,SCAL,206,2,12,40,160,2.17,6921.7,1.2969
47,2016,NE,SCAL,207,2,9,40,40,1.9,6882.2,1.1331
47,2016,NE,SCAL,208,2,3,80,0,1.79,7311.9,1.0923
47,2016,NE,SCAL,209,2,4,120,0,2.34,7735.0,1.4588
47,2016,NE,SCAL,210,2,10,40,80,2.54,7522.6,1.5669
47,2016,NE,SCAL,211,2,15,80,80,2.07,7559.2,1.2793
47,2016,NE,SCAL,212,2,8,280,0,2.25,7356.0,1.3762
47,2016,NE,SCAL,213,2,2,40,0,1.67,6564.1,0.9782
47,2016,NE,SCAL,214,2,13,40,200,2.46,7011.3,1.4775
47,2016,NE,SCAL,215,2,6,200,0,2.16,6339.9,1.2486
47,2016,NE,SCAL,216,2,14,40,240,1.86,7745.4,1.1602
47,2016,NE,SCAL,301,3,1,0,0,1.63,9442.8,1.0962
47,2016,NE,SCAL,302,3,9,40,40,1.78,6063.4,1.0116
47,2016,NE,SCAL,303,3,12,40,160,2.37,7528.0,1.4624
47,2016,NE,SCAL,304,3,14,40,240,2.25,6578.4,1.319
47,2016,NE,SCAL,305,3,6,200,0,1.77,8259.1,1.1313
47,2016,NE,SCAL,306,3,13,40,200,2.03,6825.7,1.2068
47,2016,NE,SCAL,307,3,3,80,0,1.77,6706.2,1.0452
47,2016,NE,SCAL,308,3,16,80,160,2.36,5554.7,1.2974
47,2016,NE,SCAL,309,3,11,40,120,2.22,7120.7,1.3412
47,2016,NE,SCAL,310,3,5,160,0,2.12,7317.4,1.2941
47,2016,NE,SCAL,311,3,7,240,0,2.43,6518.1,1.4195
47,2016,NE,SCAL,312,3,4,120,0,2.04,6504.5,1.1908
47,2016,NE,SCAL,313,3,15,80,80,1.9,7859.9,1.1918
47,2016,NE,SCAL,314,3,10,40,80,2.47,6220.6,1.4175
47,2016,NE,SCAL,315,3,8,280,0,2.32,6792.0,1.3766
47,2016,NE,SCAL,316,3,2,40,0,1.74,6883.4,1.0377
47,2016,NE,SCAL,401,4,4,120,0,1.84,6747.5,1.0891
47,2016,NE,SCAL,402,4,16,80,160,2.3,6647.8,1.3537
47,2016,NE,SCAL,403,4,9,40,40,2.24,7313.8,1.3671
47,2016,NE,SCAL,404,4,15,80,80,1.93,7134.4,1.1668
47,2016,NE,SCAL,405,4,7,240,0,2.53,5729.4,1.4073
47,2016,NE,SCAL,406,4,10,40,80,2.22,7656.0,1.3786
47,2016,NE,SCAL,407,4,5,160,0,1.88,7491.7,1.1579
47,2016,NE,SCAL,408,4,12,40,160,2.2,7685.8,1.3682
47,2016,NE,SCAL,409,4,13,40,200,2.16,7282.7,1.3161
47,2016,NE,SCAL,410,4,2,40,0,1.88,7137.1,1.1368
47,2016,NE,SCAL,411,4,8,280,0,2.16,8274.0,1.3815
47,2016,NE,SCAL,412,4,1,0,0,1.53,6186.8,0.8762
47,2016,NE,SCAL,413,4,11,40,120,2.37,7016.0,1.4238
47,2016,NE,SCAL,414,4,3,80,0,1.63,7861.7,1.0225
47,2016,NE,SCAL,415,4,6,200,0,2.06,7680.2,1.2808
47,2016,NE,SCAL,416,4,14,40,240,2.19,6678.8,1.2912
49,2016,WI,Plano,101,1,2,40,0,1.66,7531.2,1.0245
49,2016,WI,Plano,102,1,3,80,0,2.04,10974.3,1.4526
49,2016,WI,Plano,103,1,9,40,40,1.35,11340.0,0.9733
49,2016,WI,Plano,104,1,14,40,240,1.99,8671.9,1.2957
49,2016,WI,Plano,105,1,16,80,160,1.98,7412.0,1.2145
49,2016,WI,Plano,106,1,13,40,200,1.86,7959.2,1.1722
49,2016,WI,Plano,107,1,10,40,80,1.9,9825.0,1.2972
49,2016,WI,Plano,108,1,5,160,0,1.94,8558.5,1.2569
49,2016,WI,Plano,109,1,1,0,0,1.44,7477.9,0.8863
49,2016,WI,Plano,110,1,4,120,0,1.68,9363.4,1.1262
49,2016,WI,Plano,111,1,12,40,160,1.89,10859.2,1.3404
49,2016,WI,Plano,112,1,11,40,120,1.9,9446.7,1.278
49,2016,WI,Plano,113,1,15,80,80,1.69,7840.2,1.059
49,2016,WI,Plano,114,1,6,200,0,2.16,11483.9,1.5648
49,2016,WI,Plano,115,1,7,240,0,1.81,7283.9,1.1029
49,2016,WI,Plano,116,1,8,280,0,2.26,7430.6,1.3876
49,2016,WI,Plano,201,2,5,160,0,1.96,10651.7,1.3799
49,2016,WI,Plano,202,2,16,80,160,1.58,8550.2,1.0233
49,2016,WI,Plano,203,2,7,240,0,2.26,8160.8,1.4379
49,2016,WI,Plano,204,2,11,40,120,1.76,8873.5,1.156
49,2016,WI,Plano,205,2,1,0,0,1.57,8418.4,1.0108
49,2016,WI,Plano,206,2,12,40,160,1.76,10341.1,1.2252
49,2016,WI,Plano,207,2,9,40,40,1.39,10252.0,0.9645
49,2016,WI,Plano,208,2,3,80,0,1.77,9682.4,1.2018
49,2016,WI,Plano,209,2,4,120,0,1.97,8849.9,1.2926
49,2016,WI,Plano,210,2,10,40,80,1.35,8167.9,0.8592
49,2016,WI,Plano,211,2,15,80,80,1.97,10711.7,1.3899
49,2016,WI,Plano,212,2,8,280,0,2.01,7938.1,1.2655
49,2016,WI,Plano,213,2,2,40,0,1.74,11180.5,1.2478
49,2016,WI,Plano,214,2,13,40,200,1.8,9611.3,1.2187
49,2016,WI,Plano,215,2,6,200,0,1.93,9424.4,1.297
49,2016,WI,Plano,216,2,14,40,240,2.11,8306.4,1.3516
49,2016,WI,Plano,301,3,1,0,0,1.45,10145.1,1.0021
49,2016,WI,Plano,302,3,9,40,40,1.59,9079.9,1.0535
49,2016,WI,Plano,303,3,12,40,160,1.49,10131.4,1.0292
49,2016,WI,Plano,304,3,14,40,240,1.5,7785.0,0.9374
49,2016,WI,Plano,305,3,6,200,0,1.75,9809.7,1.1941
49,2016,WI,Plano,306,3,13,40,200,1.79,10938.6,1.273
49,2016,WI,Plano,307,3,3,80,0,1.85,9487.7,1.2464
49,2016,WI,Plano,308,3,16,80,160,1.39,9499.7,0.937
49,2016,WI,Plano,309,3,11,40,120,1.84,7596.9,1.1393
49,2016,WI,Plano,310,3,5,160,0,1.88,6459.7,1.0945
49,2016,WI,Plano,311,3,7,240,0,2.04,8368.8,1.3104
49,2016,WI,Plano,312,3,4,120,0,1.66,8663.2,1.0804
49,2016,WI,Plano,313,3,15,80,80,1.59,10179.9,1.1003
49,2016,WI,Plano,314,3,10,40,80,1.95,9912.3,1.3358
49,2016,WI,Plano,315,3,8,280,0,2.0,7956.9,1.2603
49,2016,WI,Plano,316,3,2,40,0,1.91,8725.5,1.2465
49,2016,WI,Plano,401,4,4,120,0,2.0,11065.0,1.4286
49,2016,WI,Plano,402,4,16,80,160,1.78,9878.7,1.2178
49,2016,WI,Plano,403,4,9,40,40,1.63,9379.2,1.0934
49,2016,WI,Plano,404,4,15,80,80,1.9,9629.2,1.2873
49,2016,WI,Plano,405,4,7,240,0,2.03,8518.8,1.3128
49,2016,WI,Plano,406,4,10,40,80,2.14,11587.3,1.5556
49,2016,WI,Plano,407,4,5,160,0,2.05,9460.4,1.3797
49,2016,WI,Plano,408,4,12,40,160,1.89,9011.3,1.2487
49,2016,WI,Plano,409,4,13,40,200,1.89,8588.7,1.2261
49,2016,WI,Plano,410,4,2,40,0,1.84,10606.1,1.2933
49,2016,WI,Plano,411,4,8,280,0,2.15,9027.9,1.4215
49,2016,WI,Plano,412,4,1,0,0,1.66,10542.0,1.1641
49,2016,WI,Plano,413,4,11,40,120,1.38,8627.9,0.8968
49,2016,WI,Plano,414,4,3,80,0,1.6,6973.0,0.9589
49,2016,WI,Plano,415,4,6,200,0,2.05,10299.1,1.4249
49,2016,WI,Plano,416,4,14,40,240,1.88,7965.4,1.1852
